order_id,customer_id,order_date,status
1,58,2024-12-31,Completed
2,29,2025-05-14,Completed
3,11,2025-04-10,Completed
4,69,2024-09-19,Completed
5,28,2025-02-23,Completed
6,71,2024-06-27,Refunded
7,83,2024-09-07,Cancelled
8,102,2024-10-18,Completed
9,60,2025-06-07,Cancelled
10,1,2025-04-07,Completed
11,34,2024-09-23,Refunded
12,103,2024-12-21,Refunded
13,64,2024-04-20,Completed
14,75,2025-03-14,Completed
15,55,2024-10-28,Cancelled
16,20,2024-10-17,Completed
17,108,2025-02-21,Refunded
18,93,2024-12-10,Refunded
19,120,2024-02-09,Completed
20,103,2024-06-06,Completed
21,35,2024-04-06,Completed
22,31,2025-02-04,Completed
23,30,2024-01-20,Completed
24,111,2024-04-20,Completed
25,67,2024-11-21,Completed
26,55,2025-01-13,Completed
27,117,2024-10-01,Completed
28,73,2025-04-14,Cancelled
29,110,2025-05-15,Completed
30,119,2024-03-12,Completed
31,10,2025-06-03,Refunded
32,44,2024-11-30,Completed
33,89,2024-12-12,Completed
34,98,2024-02-21,Completed
35,18,2024-12-04,Completed
36,39,2025-01-30,Completed
37,66,2024-11-12,Completed
38,96,2024-02-16,Completed
39,14,2024-10-12,Completed
40,73,2025-05-25,Completed
41,36,2025-01-29,Completed
42,26,2024-03-15,Refunded
43,62,2025-06-07,Completed
44,50,2025-06-06,Completed
45,77,2024-04-02,Completed
46,39,2025-03-12,Completed
47,99,2024-08-09,Completed
48,10,2024-11-19,Completed
49,104,2024-08-30,Completed
50,4,2025-03-02,Completed
51,89,2025-06-27,Completed
52,42,2025-03-09,Completed
53,47,2025-05-22,Refunded
54,3,2025-05-30,Completed
55,85,2024-02-19,Completed
56,20,2024-05-18,Completed
57,80,2025-01-28,Cancelled
58,88,2024-11-17,Refunded
59,102,2024-01-28,Completed
60,85,2024-02-21,Refunded
61,37,2024-10-10,Cancelled
62,89,2024-12-01,Completed
63,100,2024-04-01,Cancelled
64,39,2024-04-03,Completed
65,15,2024-03-11,Completed
66,107,2024-11-03,Completed
67,18,2024-01-05,Completed
68,72,2024-11-07,Completed
69,29,2024-09-16,Completed
70,16,2024-09-10,Completed
71,94,2025-01-05,Completed
72,18,2024-10-11,Refunded
73,81,2025-01-31,Refunded
74,84,2025-02-20,Cancelled
75,8,2025-05-16,Completed
76,21,2025-03-11,Cancelled
77,96,2024-10-09,Cancelled
78,61,2024-09-25,Completed
79,15,2024-05-08,Completed
80,120,2024-11-22,Refunded
81,32,2024-03-16,Completed
82,1,2025-05-22,Completed
83,111,2025-04-05,Completed
84,2,2024-03-06,Completed
85,67,2025-03-04,Completed
86,120,2024-03-04,Completed
87,70,2025-01-28,Completed
88,71,2024-02-17,Refunded
89,47,2024-09-23,Completed
90,16,2024-12-24,Completed
91,69,2025-02-01,Refunded
92,108,2024-08-16,Cancelled
93,11,2025-05-17,Refunded
94,106,2025-02-26,Completed
95,50,2024-04-23,Cancelled
96,65,2024-12-31,Refunded
97,20,2025-02-02,Completed
98,75,2024-06-30,Completed
99,22,2025-02-06,Completed
100,33,2025-05-04,Completed
101,87,2025-03-21,Completed
102,7,2025-02-19,Refunded
103,54,2024-12-11,Refunded
104,72,2024-05-27,Completed
105,16,2025-03-09,Cancelled
106,36,2024-07-17,Completed
107,42,2024-10-17,Cancelled
108,80,2024-06-20,Completed
109,118,2024-06-19,Completed
110,101,2024-03-26,Completed
111,23,2025-06-07,Completed
112,3,2024-03-21,Completed
113,7,2024-02-17,Completed
114,72,2025-05-25,Completed
115,19,2024-10-29,Refunded
116,28,2024-08-26,Completed
117,102,2025-02-05,Cancelled
118,105,2024-07-27,Refunded
119,101,2024-03-10,Completed
120,31,2025-02-01,Completed
121,75,2024-04-05,Completed
122,74,2024-10-28,Completed
123,23,2025-06-01,Cancelled
124,67,2025-05-25,Completed
125,64,2024-07-15,Completed
126,48,2025-03-01,Completed
127,91,2024-11-29,Cancelled
128,82,2024-09-18,Completed
129,64,2024-03-17,Completed
130,88,2024-07-24,Refunded
131,92,2024-12-21,Cancelled
132,69,2025-06-21,Refunded
133,33,2024-01-03,Cancelled
134,92,2025-01-26,Completed
135,87,2025-04-06,Cancelled
136,119,2025-06-02,Completed
137,18,2024-08-18,Completed
138,51,2024-03-05,Completed
139,111,2024-05-27,Refunded
140,62,2025-04-08,Completed
141,114,2025-04-23,Completed
142,2,2024-12-13,Completed
143,5,2024-03-07,Completed
144,96,2024-03-07,Completed
145,44,2024-09-17,Completed
146,63,2024-11-16,Completed
147,52,2024-01-18,Completed
148,49,2025-01-08,Completed
149,113,2024-10-23,Refunded
150,12,2024-01-07,Completed
151,93,2024-02-22,Completed
152,107,2024-09-04,Completed
153,79,2025-01-28,Completed
154,48,2025-03-25,Completed
155,20,2024-08-23,Completed
156,82,2024-06-09,Completed
157,57,2025-06-11,Completed
158,18,2024-09-06,Cancelled
159,44,2024-06-20,Refunded
160,116,2024-08-29,Completed
161,32,2024-01-07,Refunded
162,22,2024-06-13,Completed
163,82,2024-10-07,Cancelled
164,24,2025-05-15,Completed
165,111,2025-02-06,Cancelled
166,104,2025-03-01,Cancelled
167,119,2024-10-23,Completed
168,110,2024-03-01,Completed
169,30,2024-08-01,Completed
170,26,2025-06-27,Cancelled
171,42,2024-01-25,Refunded
172,57,2025-04-24,Refunded
173,106,2025-01-08,Completed
174,89,2024-06-03,Completed
175,78,2025-02-28,Completed
176,106,2025-04-01,Cancelled
177,78,2024-01-24,Refunded
178,46,2024-02-27,Completed
179,50,2024-12-28,Completed
180,63,2025-06-28,Refunded
181,11,2024-01-14,Refunded
182,90,2024-12-28,Completed
183,79,2024-03-15,Completed
184,88,2024-12-20,Refunded
185,65,2024-12-05,Refunded
186,94,2024-02-19,Completed
187,114,2025-01-05,Refunded
188,69,2025-05-03,Completed
189,54,2025-04-15,Completed
190,13,2024-01-16,Completed
191,94,2024-05-14,Refunded
192,109,2024-05-11,Cancelled
193,84,2024-09-04,Refunded
194,104,2024-03-18,Completed
195,104,2025-04-10,Completed
196,96,2025-02-27,Completed
197,61,2025-03-16,Completed
198,12,2024-04-18,Cancelled
199,1,2024-01-08,Completed
200,25,2025-05-11,Refunded
201,52,2024-06-06,Completed
202,90,2024-12-23,Completed
203,55,2025-05-10,Completed
204,3,2024-01-20,Completed
205,26,2024-01-03,Completed
206,118,2024-01-03,Completed
207,119,2024-03-26,Completed
208,46,2024-01-29,Cancelled
209,97,2025-03-22,Refunded
210,87,2024-11-26,Completed
211,112,2025-06-18,Refunded
212,107,2025-03-12,Refunded
213,76,2025-06-08,Refunded
214,48,2024-05-10,Completed
215,76,2024-06-05,Refunded
216,39,2025-04-07,Completed
217,42,2024-05-13,Completed
218,74,2024-02-01,Completed
219,69,2024-12-30,Cancelled
220,70,2025-03-12,Completed
221,47,2025-06-11,Completed
222,50,2025-05-20,Cancelled
223,2,2024-03-06,Completed
224,73,2025-02-24,Completed
225,70,2025-04-06,Completed
226,113,2025-01-15,Completed
227,61,2025-03-22,Completed
228,57,2025-04-01,Refunded
229,9,2024-08-31,Completed
230,24,2024-01-22,Refunded
231,41,2024-09-05,Cancelled
232,46,2024-04-19,Refunded
233,44,2024-03-02,Refunded
234,48,2024-03-09,Completed
235,93,2025-01-15,Refunded
236,16,2024-10-01,Completed
237,40,2024-10-21,Refunded
238,20,2025-02-10,Refunded
239,37,2024-10-25,Completed
240,83,2024-12-09,Completed
241,6,2024-02-16,Completed
242,41,2025-04-08,Completed
243,3,2024-09-01,Completed
244,115,2024-03-25,Cancelled
245,88,2025-03-19,Completed
246,30,2025-02-04,Completed
247,24,2024-01-29,Completed
248,12,2024-04-15,Completed
249,57,2024-01-09,Completed
250,91,2024-05-27,Refunded
251,71,2024-02-24,Cancelled
252,106,2025-01-21,Completed
253,42,2024-10-11,Refunded
254,34,2025-06-18,Completed
255,58,2025-02-12,Refunded
256,25,2024-11-29,Completed
257,118,2024-10-04,Completed
258,23,2024-01-30,Completed
259,58,2024-02-08,Completed
260,63,2024-12-01,Completed
261,7,2024-01-03,Refunded
262,57,2024-01-24,Cancelled
263,55,2024-04-29,Completed
264,32,2025-04-26,Refunded
265,16,2024-09-07,Completed
266,6,2025-01-21,Completed
267,2,2024-08-12,Cancelled
268,58,2024-04-04,Completed
269,11,2024-07-21,Cancelled
270,116,2024-02-19,Refunded
271,30,2025-02-23,Completed
272,79,2024-04-10,Completed
273,81,2024-07-24,Refunded
274,60,2025-06-18,Completed
275,107,2024-11-18,Completed
276,14,2024-09-06,Completed
277,29,2024-10-22,Completed
278,31,2025-03-03,Cancelled
279,17,2024-05-18,Completed
280,36,2024-12-12,Completed
281,38,2025-04-20,Completed
282,92,2024-11-07,Cancelled
283,37,2024-08-31,Completed
284,106,2024-03-20,Completed
285,93,2024-05-15,Cancelled
286,109,2025-05-30,Completed
287,13,2024-10-21,Completed
288,119,2024-06-13,Completed
289,74,2024-08-16,Completed
290,118,2024-11-11,Completed
291,43,2024-10-19,Refunded
292,115,2025-01-16,Completed
293,71,2024-05-20,Refunded
294,9,2024-12-19,Completed
295,50,2024-08-29,Completed
296,17,2025-05-27,Completed
297,113,2024-03-27,Completed
298,37,2024-03-21,Completed
299,27,2024-09-08,Completed
300,67,2024-10-04,Completed
301,52,2025-01-11,Completed
302,12,2024-08-08,Completed
303,98,2025-05-12,Completed
304,102,2024-09-15,Refunded
305,90,2024-03-11,Completed
306,75,2024-03-05,Completed
307,49,2025-06-14,Completed
308,66,2024-03-14,Cancelled
309,63,2025-05-31,Completed
310,20,2024-05-31,Refunded
311,10,2024-02-20,Completed
312,31,2024-06-15,Completed
313,55,2024-12-01,Completed
314,20,2024-08-21,Completed
315,13,2025-03-04,Refunded
316,103,2024-11-28,Refunded
317,45,2024-08-06,Refunded
318,71,2024-12-11,Completed
319,63,2025-06-13,Completed
320,89,2024-08-12,Completed
321,89,2024-03-24,Completed
322,36,2024-08-10,Completed
323,102,2025-04-02,Completed
324,45,2024-04-28,Completed
325,101,2025-06-01,Completed
326,49,2024-11-16,Completed
327,14,2024-11-23,Completed
328,92,2024-06-21,Refunded
329,4,2025-05-16,Completed
330,93,2024-01-20,Refunded
331,6,2024-06-11,Completed
332,25,2024-08-16,Completed
333,73,2024-09-17,Completed
334,113,2024-09-15,Cancelled
335,50,2024-03-21,Completed
336,15,2024-05-02,Completed
337,28,2024-02-21,Completed
338,108,2024-11-07,Refunded
339,88,2024-07-10,Completed
340,13,2024-11-04,Completed
341,47,2024-11-17,Completed
342,32,2025-01-17,Refunded
343,22,2024-10-25,Cancelled
344,102,2024-12-19,Refunded
345,75,2024-11-15,Refunded
346,22,2024-12-21,Completed
347,79,2024-12-02,Completed
348,50,2024-06-21,Completed
349,8,2024-05-14,Completed
350,54,2025-03-05,Refunded
351,23,2024-07-05,Refunded
352,30,2024-10-26,Completed
353,106,2024-04-17,Cancelled
354,86,2024-08-23,Completed
355,17,2024-10-15,Completed
356,103,2024-12-07,Refunded
357,69,2024-10-13,Refunded
358,105,2024-07-15,Completed
359,90,2025-06-08,Cancelled
360,41,2024-10-06,Completed
361,65,2025-03-16,Cancelled
362,64,2025-02-05,Completed
363,87,2024-10-31,Refunded
364,30,2025-04-28,Completed
365,40,2024-03-10,Completed
366,30,2025-05-16,Refunded
367,36,2025-04-08,Completed
368,20,2024-10-01,Completed
369,5,2025-02-03,Cancelled
370,113,2024-10-10,Completed
371,9,2024-05-26,Completed
372,107,2025-03-11,Completed
373,1,2024-05-14,Completed
374,94,2024-06-20,Refunded
375,40,2024-10-10,Completed
376,63,2025-04-01,Completed
377,34,2024-07-28,Cancelled
378,59,2024-09-26,Refunded
379,55,2024-01-23,Completed
380,64,2024-03-04,Cancelled
381,48,2024-01-31,Completed
382,65,2024-02-09,Cancelled
383,100,2025-04-18,Completed
384,53,2025-04-03,Refunded
385,44,2025-03-23,Completed
386,16,2024-01-31,Refunded
387,44,2024-02-12,Completed
388,16,2024-06-01,Refunded
389,22,2024-11-04,Completed
390,115,2024-07-01,Completed
391,11,2024-09-22,Refunded
392,58,2024-04-04,Cancelled
393,101,2025-02-02,Completed
394,115,2024-06-20,Completed
395,18,2024-02-06,Completed
396,20,2025-02-08,Completed
397,45,2025-05-07,Refunded
398,67,2024-01-09,Refunded
399,116,2024-08-25,Completed
400,25,2025-03-26,Refunded
401,20,2025-01-19,Completed
402,31,2025-04-11,Cancelled
403,105,2024-08-14,Cancelled
404,4,2024-07-21,Completed
405,46,2025-01-21,Completed
406,15,2024-03-24,Completed
407,19,2024-05-10,Refunded
408,111,2024-11-23,Completed
409,1,2024-12-30,Completed
410,39,2024-03-06,Completed
411,110,2024-10-04,Completed
412,73,2024-07-17,Completed
413,9,2024-09-30,Completed
414,56,2025-06-06,Completed
415,117,2024-02-11,Cancelled
416,49,2025-06-26,Completed
417,64,2024-09-02,Completed
418,64,2025-02-24,Cancelled
419,80,2024-08-19,Cancelled
420,23,2024-06-18,Completed
421,101,2025-02-23,Completed
422,119,2025-01-09,Refunded
423,18,2024-03-19,Refunded
424,99,2025-01-19,Completed
425,99,2025-02-14,Completed
426,89,2024-07-30,Completed
427,45,2025-05-19,Completed
428,57,2024-12-15,Completed
429,101,2024-06-30,Refunded
430,19,2024-01-06,Completed
431,100,2025-01-02,Completed
432,111,2024-04-23,Refunded
433,82,2025-02-16,Cancelled
434,41,2024-10-13,Completed
435,68,2024-09-11,Completed
436,7,2024-03-30,Completed
437,112,2025-01-22,Completed
438,42,2024-03-31,Refunded
439,7,2024-08-15,Refunded
440,96,2025-03-31,Refunded
441,79,2025-05-16,Completed
442,75,2025-06-23,Completed
443,7,2025-06-06,Completed
444,91,2024-10-30,Completed
445,77,2024-04-19,Completed
446,96,2025-04-02,Completed
447,100,2025-03-12,Refunded
448,26,2025-06-23,Completed
449,26,2024-12-20,Completed
450,111,2024-03-18,Completed
451,64,2024-10-01,Completed
452,53,2024-09-01,Completed
453,35,2025-04-04,Completed
454,77,2024-08-01,Refunded
455,91,2024-06-28,Completed
456,1,2024-02-13,Completed
457,67,2025-03-31,Completed
458,120,2025-02-15,Completed
459,34,2024-01-23,Cancelled
460,34,2024-08-24,Completed
461,106,2024-09-18,Completed
462,8,2024-09-12,Cancelled
463,48,2025-05-15,Refunded
464,55,2024-03-23,Completed
465,96,2024-06-15,Completed
466,16,2024-04-08,Refunded
467,53,2024-05-13,Completed
468,19,2025-05-09,Refunded
469,95,2025-05-27,Completed
470,76,2024-01-25,Completed
471,60,2024-12-10,Completed
472,48,2024-05-06,Completed
473,19,2024-04-14,Completed
474,111,2024-06-08,Completed
475,78,2024-04-15,Completed
476,39,2024-09-24,Completed
477,50,2025-06-26,Completed
478,88,2024-11-15,Refunded
479,87,2025-01-29,Refunded
480,56,2024-09-25,Completed
481,37,2024-01-08,Completed
482,80,2024-02-15,Cancelled
483,79,2024-05-26,Completed
484,72,2024-05-12,Completed
485,9,2025-04-03,Completed
486,57,2025-04-04,Completed
487,74,2025-04-10,Completed
488,115,2024-12-13,Completed
489,64,2024-10-30,Completed
490,42,2024-12-19,Completed
491,67,2024-08-09,Completed
492,22,2024-12-31,Cancelled
493,11,2025-03-08,Completed
494,82,2025-02-19,Completed
495,119,2024-11-30,Cancelled
496,102,2024-02-01,Completed
497,71,2025-01-30,Cancelled
498,5,2024-07-18,Cancelled
499,119,2025-02-09,Refunded
500,54,2024-10-21,Completed
501,35,2025-04-25,Cancelled
502,108,2024-07-03,Refunded
503,90,2025-05-22,Cancelled
504,90,2025-04-05,Completed
505,34,2024-06-29,Cancelled
506,120,2024-09-20,Completed
507,55,2024-10-16,Completed
508,64,2025-02-22,Completed
509,91,2025-01-10,Completed
510,80,2025-04-09,Completed
511,21,2024-07-20,Completed
512,37,2024-10-02,Completed
513,44,2024-08-22,Refunded
514,114,2025-05-10,Completed
515,86,2024-06-15,Completed
516,44,2024-11-15,Refunded
517,89,2024-03-06,Completed
518,89,2025-04-08,Completed
519,48,2024-07-28,Completed
520,49,2024-07-04,Completed
521,108,2024-11-13,Refunded
522,68,2024-09-28,Completed
523,18,2025-04-07,Refunded
524,87,2024-10-16,Completed
525,71,2024-10-08,Cancelled
526,62,2024-02-27,Completed
527,88,2024-01-12,Completed
528,109,2024-08-05,Completed
529,40,2025-06-28,Cancelled
530,51,2025-05-14,Completed
531,23,2024-12-08,Completed
532,78,2024-12-09,Completed
533,49,2024-08-01,Completed
534,42,2024-04-06,Refunded
535,84,2024-01-05,Completed
536,49,2024-07-03,Completed
537,56,2024-06-21,Completed
538,53,2024-04-14,Refunded
539,32,2024-05-21,Completed
540,16,2024-01-14,Completed
541,100,2024-11-27,Cancelled
542,12,2025-05-20,Completed
543,39,2025-01-11,Cancelled
544,81,2024-09-01,Cancelled
545,16,2024-08-17,Cancelled
546,79,2024-06-16,Completed
547,88,2024-03-18,Cancelled
548,80,2024-11-22,Cancelled
549,37,2024-11-04,Refunded
550,3,2024-01-04,Completed
551,107,2024-08-14,Completed
552,40,2024-05-31,Completed
553,97,2024-04-02,Completed
554,24,2025-01-18,Refunded
555,20,2024-10-13,Cancelled
556,94,2024-12-11,Completed
557,113,2025-01-23,Completed
558,104,2025-06-19,Completed
559,91,2025-03-13,Completed
560,30,2024-12-04,Completed
561,110,2025-04-24,Cancelled
562,81,2024-09-17,Cancelled
563,21,2025-06-20,Refunded
564,16,2025-02-18,Refunded
565,105,2024-12-20,Cancelled
566,34,2025-05-07,Completed
567,92,2024-10-07,Completed
568,17,2025-01-27,Completed
569,34,2024-06-04,Completed
570,35,2025-06-08,Cancelled
571,34,2024-12-05,Completed
572,81,2025-03-02,Completed
573,110,2024-09-08,Completed
574,110,2025-04-17,Cancelled
575,89,2024-02-10,Completed
576,25,2024-03-03,Completed
577,116,2024-10-03,Completed
578,66,2025-02-03,Completed
579,66,2025-03-17,Completed
580,85,2024-08-27,Cancelled
581,93,2024-12-20,Completed
582,115,2024-10-28,Completed
583,70,2025-06-08,Completed
584,74,2024-12-22,Completed
585,90,2024-08-15,Completed
586,31,2025-06-12,Completed
587,37,2024-02-28,Completed
588,76,2025-06-20,Cancelled
589,8,2024-03-24,Completed
590,39,2024-06-06,Refunded
591,87,2025-03-23,Cancelled
592,118,2025-02-03,Completed
593,63,2025-06-12,Completed
594,48,2025-02-12,Completed
595,53,2024-12-13,Completed
596,83,2024-07-07,Refunded
597,66,2024-01-03,Cancelled
598,3,2024-03-08,Completed
599,65,2024-06-11,Completed
600,49,2024-01-23,Completed
601,85,2024-10-03,Completed
602,106,2025-02-27,Completed
603,116,2025-06-08,Completed
604,74,2024-09-23,Completed
605,44,2025-04-21,Completed
606,54,2025-06-21,Refunded
607,22,2025-04-13,Cancelled
608,113,2024-09-10,Cancelled
609,102,2024-06-26,Completed
610,103,2025-06-16,Cancelled
611,40,2024-05-11,Refunded
612,39,2024-08-12,Completed
613,103,2024-02-10,Cancelled
614,66,2025-03-08,Completed
615,85,2024-12-20,Cancelled
616,59,2024-02-16,Completed
617,54,2024-04-30,Cancelled
618,76,2024-10-29,Completed
619,98,2024-10-21,Completed
620,41,2025-03-13,Completed
621,98,2024-05-25,Completed
622,30,2025-05-18,Completed
623,49,2024-08-30,Completed
624,110,2025-03-24,Completed
625,115,2024-05-09,Cancelled
626,111,2024-01-21,Completed
627,38,2024-01-31,Cancelled
628,102,2024-07-22,Cancelled
629,113,2025-06-03,Completed
630,118,2024-01-27,Completed
631,3,2024-07-20,Completed
632,90,2024-02-29,Completed
633,120,2025-05-22,Completed
634,92,2025-01-03,Cancelled
635,28,2025-02-19,Completed
636,92,2025-01-23,Cancelled
637,13,2024-12-24,Completed
638,58,2025-02-25,Cancelled
639,76,2024-01-05,Completed
640,55,2025-04-16,Completed
641,84,2025-02-07,Completed
642,29,2025-02-06,Cancelled
643,73,2024-08-02,Completed
644,78,2025-03-12,Completed
645,77,2024-07-27,Completed
646,35,2024-01-27,Completed
647,37,2025-05-09,Completed
648,31,2024-05-07,Completed
649,56,2024-02-25,Completed
650,71,2024-12-04,Completed
651,44,2024-05-07,Completed
652,50,2025-04-12,Completed
653,35,2024-08-29,Cancelled
654,27,2024-01-03,Completed
655,79,2025-06-02,Refunded
656,98,2024-10-07,Cancelled
657,35,2024-05-23,Completed
658,104,2025-01-04,Completed
659,69,2024-10-16,Completed
660,21,2024-01-17,Completed
661,44,2025-02-18,Completed
662,1,2024-08-06,Completed
663,5,2025-01-16,Completed
664,41,2025-05-03,Completed
665,55,2024-11-28,Cancelled
666,96,2025-01-01,Completed
667,17,2024-05-18,Refunded
668,101,2024-05-09,Completed
669,29,2024-08-14,Refunded
670,17,2025-04-09,Completed
671,84,2024-10-12,Completed
672,93,2024-07-08,Cancelled
673,73,2025-02-28,Completed
674,14,2025-04-10,Refunded
675,14,2025-05-06,Completed
676,47,2024-06-11,Completed
677,55,2025-01-21,Completed
678,120,2024-11-17,Completed
679,35,2024-09-01,Completed
680,24,2024-08-04,Refunded
681,114,2024-03-03,Completed
682,19,2024-05-29,Refunded
683,4,2024-10-26,Completed
684,51,2025-04-28,Completed
685,49,2025-04-17,Completed
686,75,2024-04-12,Refunded
687,106,2025-01-05,Cancelled
688,112,2024-02-16,Refunded
689,35,2025-01-02,Completed
690,118,2024-07-05,Cancelled
691,76,2024-09-02,Completed
692,9,2025-01-26,Completed
693,113,2024-08-19,Cancelled
694,17,2025-03-16,Completed
695,71,2024-10-17,Cancelled
696,95,2025-06-28,Completed
697,30,2024-12-13,Completed
698,33,2024-06-10,Completed
699,58,2025-02-26,Completed
700,107,2024-08-10,Completed
701,27,2024-10-18,Completed
702,80,2024-03-15,Completed
703,55,2024-03-06,Completed
704,14,2024-11-09,Completed
705,86,2024-04-11,Cancelled
706,100,2025-06-27,Completed
707,70,2025-04-11,Completed
708,22,2025-01-16,Refunded
709,19,2025-02-04,Refunded
710,51,2024-11-20,Completed
711,61,2024-02-02,Cancelled
712,67,2024-08-01,Completed
713,30,2024-09-27,Completed
714,61,2025-05-13,Cancelled
715,36,2024-04-29,Completed
716,83,2024-09-27,Refunded
717,96,2024-07-06,Cancelled
718,79,2024-03-14,Refunded
719,1,2024-02-26,Cancelled
720,120,2024-07-18,Refunded
721,3,2024-02-14,Completed
722,120,2024-02-06,Refunded
723,4,2024-07-10,Completed
724,62,2024-04-20,Completed
725,13,2024-10-29,Completed
726,12,2024-01-10,Completed
727,83,2024-06-13,Cancelled
728,88,2024-09-04,Completed
729,15,2025-06-08,Cancelled
730,118,2024-12-11,Completed
731,39,2025-04-24,Completed
732,39,2024-07-06,Refunded
733,36,2024-09-02,Completed
734,56,2024-08-17,Completed
735,22,2025-04-28,Refunded
736,51,2025-06-06,Completed
737,26,2025-06-08,Completed
738,7,2025-02-13,Completed
739,45,2024-10-01,Completed
740,81,2024-10-21,Completed
741,92,2025-06-18,Completed
742,43,2024-06-04,Completed
743,39,2024-07-07,Cancelled
744,95,2025-05-03,Completed
745,82,2024-07-29,Completed
746,100,2024-05-08,Refunded
747,109,2024-11-01,Cancelled
748,99,2024-06-26,Completed
749,113,2025-04-30,Completed
750,50,2025-05-10,Refunded
751,48,2024-06-15,Completed
752,39,2024-10-15,Cancelled
753,29,2025-06-20,Cancelled
754,90,2025-02-08,Completed
755,86,2024-04-27,Cancelled
756,97,2024-11-17,Completed
757,21,2024-12-03,Completed
758,59,2024-12-22,Cancelled
759,27,2024-01-14,Refunded
760,108,2024-06-12,Completed
761,33,2025-04-10,Refunded
762,18,2024-05-11,Refunded
763,69,2024-06-12,Cancelled
764,106,2024-06-24,Completed
765,110,2024-04-06,Completed
766,12,2024-03-25,Cancelled
767,40,2024-07-08,Refunded
768,19,2025-04-21,Cancelled
769,37,2024-01-01,Completed
770,65,2024-06-03,Completed
771,34,2024-02-03,Refunded
772,9,2024-11-02,Completed
773,62,2024-05-16,Completed
774,7,2025-03-07,Refunded
775,28,2024-11-14,Completed
776,1,2025-03-03,Completed
777,11,2024-12-12,Completed
778,53,2024-08-26,Completed
779,103,2025-04-14,Refunded
780,93,2024-09-16,Completed
781,12,2025-06-01,Cancelled
782,5,2025-06-26,Completed
783,41,2024-11-17,Cancelled
784,79,2025-01-02,Cancelled
785,90,2024-05-19,Completed
786,99,2025-03-19,Cancelled
787,42,2025-01-01,Completed
788,21,2025-05-06,Completed
789,4,2024-05-25,Cancelled
790,18,2025-03-05,Refunded
791,8,2024-09-13,Refunded
792,104,2024-04-10,Completed
793,33,2024-04-03,Cancelled
794,99,2024-11-02,Completed
795,67,2024-06-23,Completed
796,65,2024-02-25,Completed
797,55,2024-08-20,Completed
798,99,2024-12-21,Refunded
799,6,2024-06-22,Refunded
800,12,2025-06-04,Completed
801,51,2025-02-28,Completed
802,48,2024-10-06,Completed
803,66,2025-05-24,Refunded
804,89,2024-08-23,Completed
805,71,2024-03-17,Cancelled
806,31,2024-01-20,Cancelled
807,40,2025-05-26,Cancelled
808,91,2025-06-07,Completed
809,25,2025-02-06,Completed
810,61,2024-02-26,Completed
811,65,2024-06-09,Completed
812,91,2024-01-23,Cancelled
813,86,2024-01-28,Completed
814,56,2024-05-14,Completed
815,38,2024-11-07,Completed
816,45,2024-02-05,Completed
817,50,2025-06-20,Completed
818,27,2024-09-05,Completed
819,76,2024-05-23,Completed
820,26,2024-10-08,Completed
821,78,2025-03-06,Completed
822,91,2024-06-19,Completed
823,116,2024-01-26,Cancelled
824,15,2024-01-28,Refunded
825,92,2025-04-09,Completed
826,11,2024-03-01,Completed
827,41,2024-12-12,Cancelled
828,22,2024-07-28,Cancelled
829,20,2025-02-27,Completed
830,22,2024-02-02,Refunded
831,6,2025-05-04,Completed
832,99,2025-01-15,Completed
833,8,2024-09-01,Completed
834,48,2024-04-22,Completed
835,84,2025-06-16,Completed
836,119,2024-06-13,Refunded
837,103,2024-09-24,Completed
838,17,2024-08-02,Completed
839,119,2024-05-05,Refunded
840,79,2024-08-15,Cancelled
841,22,2024-03-23,Completed
842,54,2024-01-01,Cancelled
843,111,2024-06-07,Refunded
844,48,2024-03-02,Completed
845,23,2024-08-14,Completed
846,106,2025-04-15,Completed
847,115,2024-03-29,Completed
848,118,2024-01-01,Completed
849,115,2024-03-01,Completed
850,105,2024-10-03,Completed
851,55,2024-05-29,Completed
852,24,2024-09-23,Completed
853,75,2024-01-16,Completed
854,27,2024-06-30,Completed
855,57,2024-08-11,Completed
856,79,2024-08-23,Cancelled
857,114,2024-10-27,Completed
858,35,2025-03-01,Refunded
859,31,2024-09-11,Completed
860,89,2025-04-03,Cancelled
861,1,2024-10-15,Completed
862,68,2024-05-21,Completed
863,90,2024-05-04,Completed
864,67,2024-06-24,Completed
865,47,2024-11-21,Completed
866,100,2024-05-12,Completed
867,45,2025-05-13,Completed
868,86,2024-09-18,Completed
869,56,2025-04-15,Completed
870,4,2025-01-07,Refunded
871,64,2024-06-30,Completed
872,6,2024-05-04,Completed
873,112,2025-02-09,Refunded
874,73,2024-06-29,Completed
875,45,2024-05-14,Completed
876,59,2025-05-22,Refunded
877,75,2024-09-20,Completed
878,32,2024-01-27,Completed
879,35,2024-09-26,Completed
880,51,2024-09-08,Completed
881,32,2025-04-15,Completed
882,91,2025-01-22,Completed
883,13,2024-04-14,Cancelled
884,100,2024-03-22,Completed
885,42,2024-11-24,Completed
886,68,2024-01-26,Cancelled
887,19,2024-06-22,Completed
888,47,2024-03-16,Completed
889,91,2024-01-12,Completed
890,33,2025-05-15,Refunded
891,16,2024-02-18,Completed
892,63,2024-01-06,Refunded
893,20,2025-05-23,Completed
894,38,2024-04-12,Refunded
895,55,2025-03-21,Completed
896,68,2024-01-18,Completed
897,77,2024-03-24,Completed
898,82,2024-03-01,Completed
899,102,2025-01-19,Refunded
900,8,2024-12-03,Refunded
