order_item_id,order_id,product_id,quantity,unit_price,discount
1,1,6,4,212.56,0.0
2,1,13,1,110.8,0.1
3,1,2,1,67.47,0.0
4,2,2,4,67.47,0.05
5,2,4,1,235.29,0.0
6,2,17,4,175.72,0.0
7,3,5,5,387.05,0.0
8,3,14,2,170.44,0.1
9,3,6,4,212.56,0.0
10,3,10,2,69.78,0.0
11,4,16,2,152.75,0.15
12,4,10,4,69.78,0.0
13,5,16,4,152.75,0.15
14,5,19,3,139.22,0.0
15,5,8,3,290.69,0.05
16,5,3,3,244.94,0.0
17,6,15,3,169.95,0.0
18,6,8,5,290.69,0.0
19,6,12,2,192.27,0.0
20,7,6,5,212.56,0.0
21,7,14,3,170.44,0.0
22,8,7,3,178.21,0.0
23,9,10,5,69.78,0.0
24,9,2,5,67.47,0.0
25,10,20,2,427.4,0.0
26,10,18,4,311.1,0.05
27,11,15,4,169.95,0.0
28,12,8,2,290.69,0.0
29,12,18,2,311.1,0.0
30,12,10,5,69.78,0.0
31,12,16,2,152.75,0.0
32,13,3,4,244.94,0.0
33,13,2,1,67.47,0.05
34,13,10,5,69.78,0.0
35,14,19,4,139.22,0.0
36,14,3,5,244.94,0.0
37,14,10,2,69.78,0.0
38,14,6,2,212.56,0.0
39,15,2,1,67.47,0.0
40,15,20,1,427.4,0.05
41,16,16,3,152.75,0.0
42,16,2,5,67.47,0.0
43,16,11,5,219.22,0.0
44,17,4,1,235.29,0.0
45,17,13,4,110.8,0.0
46,17,7,2,178.21,0.0
47,18,15,5,169.95,0.0
48,18,20,1,427.4,0.0
49,18,13,4,110.8,0.0
50,18,7,2,178.21,0.1
51,19,6,5,212.56,0.0
52,20,6,4,212.56,0.0
53,20,7,5,178.21,0.0
54,20,11,1,219.22,0.0
55,21,12,1,192.27,0.0
56,21,13,3,110.8,0.0
57,21,2,2,67.47,0.0
58,22,15,5,169.95,0.0
59,22,5,1,387.05,0.0
60,23,10,3,69.78,0.0
61,23,9,4,125.78,0.0
62,23,13,4,110.8,0.0
63,23,2,3,67.47,0.0
64,24,10,3,69.78,0.15
65,24,7,3,178.21,0.0
66,24,18,3,311.1,0.0
67,25,2,3,67.47,0.0
68,26,8,4,290.69,0.0
69,27,5,1,387.05,0.0
70,27,1,5,352.32,0.0
71,27,12,1,192.27,0.0
72,28,9,4,125.78,0.0
73,28,6,2,212.56,0.0
74,29,3,2,244.94,0.0
75,29,17,2,175.72,0.0
76,29,10,2,69.78,0.0
77,29,14,4,170.44,0.15
78,30,10,5,69.78,0.0
79,30,2,2,67.47,0.05
80,30,13,3,110.8,0.0
81,30,7,5,178.21,0.15
82,31,9,5,125.78,0.0
83,31,20,5,427.4,0.0
84,32,11,3,219.22,0.0
85,32,13,3,110.8,0.0
86,33,17,2,175.72,0.0
87,33,13,3,110.8,0.05
88,33,15,1,169.95,0.0
89,34,5,1,387.05,0.0
90,35,1,4,352.32,0.0
91,35,19,4,139.22,0.0
92,35,7,1,178.21,0.0
93,35,4,5,235.29,0.05
94,36,3,1,244.94,0.0
95,37,9,4,125.78,0.0
96,38,9,5,125.78,0.0
97,38,17,3,175.72,0.1
98,39,7,3,178.21,0.0
99,40,3,5,244.94,0.0
100,40,15,5,169.95,0.0
101,40,4,5,235.29,0.0
102,40,13,3,110.8,0.0
103,41,1,2,352.32,0.0
104,41,8,1,290.69,0.0
105,41,2,2,67.47,0.0
106,42,16,1,152.75,0.0
107,42,10,4,69.78,0.0
108,42,5,4,387.05,0.0
109,43,20,1,427.4,0.1
110,43,9,5,125.78,0.0
111,43,4,4,235.29,0.0
112,43,11,5,219.22,0.1
113,44,18,4,311.1,0.1
114,44,10,5,69.78,0.15
115,44,1,1,352.32,0.0
116,45,2,4,67.47,0.0
117,45,20,4,427.4,0.0
118,45,17,3,175.72,0.0
119,46,15,3,169.95,0.0
120,46,14,3,170.44,0.0
121,46,2,5,67.47,0.0
122,47,19,3,139.22,0.1
123,47,4,3,235.29,0.0
124,47,1,4,352.32,0.05
125,47,7,4,178.21,0.05
126,48,15,4,169.95,0.1
127,48,5,1,387.05,0.0
128,49,13,1,110.8,0.0
129,49,20,4,427.4,0.0
130,50,6,4,212.56,0.0
131,50,9,3,125.78,0.05
132,50,2,2,67.47,0.0
133,51,1,5,352.32,0.0
134,51,17,5,175.72,0.0
135,52,14,2,170.44,0.0
136,52,17,1,175.72,0.0
137,53,1,3,352.32,0.0
138,54,4,3,235.29,0.0
139,54,9,2,125.78,0.0
140,55,13,2,110.8,0.0
141,55,14,4,170.44,0.0
142,56,10,2,69.78,0.0
143,57,8,1,290.69,0.0
144,57,16,2,152.75,0.0
145,58,1,4,352.32,0.0
146,59,9,4,125.78,0.1
147,59,15,2,169.95,0.0
148,59,16,1,152.75,0.0
149,60,11,5,219.22,0.0
150,60,14,5,170.44,0.0
151,60,5,5,387.05,0.0
152,60,15,3,169.95,0.0
153,61,20,1,427.4,0.0
154,62,3,5,244.94,0.0
155,63,10,1,69.78,0.0
156,64,1,2,352.32,0.0
157,64,3,1,244.94,0.0
158,64,2,1,67.47,0.1
159,64,4,4,235.29,0.15
160,65,18,5,311.1,0.0
161,65,20,1,427.4,0.05
162,65,5,2,387.05,0.0
163,66,11,2,219.22,0.0
164,66,19,1,139.22,0.0
165,67,12,4,192.27,0.0
166,67,8,4,290.69,0.0
167,68,11,3,219.22,0.0
168,68,6,2,212.56,0.0
169,69,18,2,311.1,0.1
170,69,2,2,67.47,0.0
171,69,7,4,178.21,0.0
172,70,12,1,192.27,0.0
173,71,3,5,244.94,0.0
174,71,7,5,178.21,0.0
175,71,14,3,170.44,0.15
176,72,7,3,178.21,0.0
177,72,11,4,219.22,0.0
178,72,9,1,125.78,0.0
179,73,19,4,139.22,0.0
180,74,18,2,311.1,0.0
181,74,3,5,244.94,0.0
182,75,6,1,212.56,0.0
183,76,20,2,427.4,0.0
184,76,8,2,290.69,0.0
185,77,5,2,387.05,0.15
186,78,6,2,212.56,0.0
187,78,1,1,352.32,0.05
188,78,17,4,175.72,0.05
189,78,11,1,219.22,0.0
190,79,14,2,170.44,0.1
191,79,17,3,175.72,0.15
192,80,9,4,125.78,0.0
193,81,3,4,244.94,0.0
194,81,13,4,110.8,0.0
195,82,7,5,178.21,0.0
196,82,16,3,152.75,0.0
197,82,2,3,67.47,0.0
198,83,9,5,125.78,0.0
199,83,17,5,175.72,0.0
200,84,15,2,169.95,0.0
201,84,11,1,219.22,0.0
202,84,6,1,212.56,0.0
203,84,13,3,110.8,0.05
204,85,19,5,139.22,0.0
205,85,6,3,212.56,0.05
206,86,18,5,311.1,0.0
207,86,11,2,219.22,0.1
208,86,3,2,244.94,0.0
209,86,19,2,139.22,0.0
210,87,7,5,178.21,0.0
211,87,5,3,387.05,0.0
212,87,2,3,67.47,0.0
213,88,3,2,244.94,0.0
214,88,8,5,290.69,0.0
215,89,12,2,192.27,0.0
216,90,15,5,169.95,0.0
217,90,3,2,244.94,0.0
218,90,9,5,125.78,0.1
219,91,2,2,67.47,0.0
220,91,3,2,244.94,0.0
221,91,17,4,175.72,0.0
222,91,12,3,192.27,0.05
223,92,14,1,170.44,0.0
224,92,13,4,110.8,0.0
225,92,9,3,125.78,0.1
226,92,5,1,387.05,0.0
227,93,10,5,69.78,0.0
228,93,17,2,175.72,0.0
229,94,17,3,175.72,0.0
230,94,6,2,212.56,0.0
231,95,4,4,235.29,0.0
232,96,8,2,290.69,0.0
233,96,7,5,178.21,0.0
234,97,6,5,212.56,0.0
235,97,5,2,387.05,0.0
236,97,20,1,427.4,0.0
237,97,11,3,219.22,0.0
238,98,9,4,125.78,0.0
239,98,2,1,67.47,0.05
240,98,12,4,192.27,0.0
241,98,1,5,352.32,0.0
242,99,17,1,175.72,0.0
243,99,11,4,219.22,0.05
244,99,20,2,427.4,0.0
245,100,1,5,352.32,0.0
246,100,8,2,290.69,0.0
247,101,2,1,67.47,0.0
248,101,10,1,69.78,0.15
249,101,18,1,311.1,0.0
250,102,13,1,110.8,0.0
251,102,6,4,212.56,0.0
252,102,4,1,235.29,0.0
253,103,5,5,387.05,0.0
254,103,15,3,169.95,0.0
255,103,17,3,175.72,0.0
256,103,6,3,212.56,0.05
257,104,2,1,67.47,0.0
258,104,18,1,311.1,0.0
259,104,16,2,152.75,0.0
260,105,17,3,175.72,0.1
261,106,20,2,427.4,0.15
262,106,1,2,352.32,0.0
263,106,2,1,67.47,0.0
264,106,18,1,311.1,0.0
265,107,3,4,244.94,0.0
266,107,8,3,290.69,0.05
267,107,10,5,69.78,0.0
268,107,7,2,178.21,0.0
269,108,14,3,170.44,0.0
270,108,4,4,235.29,0.0
271,109,2,5,67.47,0.05
272,110,6,5,212.56,0.0
273,110,18,3,311.1,0.0
274,110,2,3,67.47,0.0
275,110,1,5,352.32,0.0
276,111,20,1,427.4,0.05
277,111,17,5,175.72,0.0
278,112,2,5,67.47,0.0
279,113,17,2,175.72,0.0
280,113,6,3,212.56,0.0
281,113,12,4,192.27,0.0
282,113,14,2,170.44,0.0
283,114,3,5,244.94,0.0
284,115,3,2,244.94,0.0
285,115,10,3,69.78,0.0
286,115,9,1,125.78,0.0
287,115,14,1,170.44,0.0
288,116,3,4,244.94,0.0
289,116,6,3,212.56,0.0
290,116,14,1,170.44,0.15
291,116,2,5,67.47,0.0
292,117,3,3,244.94,0.0
293,117,10,2,69.78,0.0
294,118,19,3,139.22,0.0
295,118,17,5,175.72,0.1
296,118,20,2,427.4,0.0
297,118,8,5,290.69,0.0
298,119,20,2,427.4,0.0
299,119,18,1,311.1,0.1
300,119,4,1,235.29,0.0
301,119,10,1,69.78,0.0
302,120,17,1,175.72,0.1
303,121,13,2,110.8,0.05
304,121,2,4,67.47,0.0
305,121,20,5,427.4,0.0
306,121,19,3,139.22,0.0
307,122,20,1,427.4,0.0
308,123,9,5,125.78,0.0
309,123,8,1,290.69,0.0
310,123,14,2,170.44,0.0
311,124,10,4,69.78,0.0
312,124,20,3,427.4,0.0
313,124,1,1,352.32,0.0
314,124,2,4,67.47,0.0
315,125,1,5,352.32,0.05
316,125,12,3,192.27,0.0
317,125,16,2,152.75,0.0
318,125,10,1,69.78,0.0
319,126,15,5,169.95,0.0
320,127,17,5,175.72,0.0
321,127,7,2,178.21,0.0
322,127,11,3,219.22,0.0
323,127,6,4,212.56,0.0
324,128,4,2,235.29,0.1
325,129,20,5,427.4,0.0
326,129,10,1,69.78,0.05
327,130,15,5,169.95,0.15
328,130,7,4,178.21,0.0
329,130,16,1,152.75,0.1
330,130,17,1,175.72,0.05
331,131,12,4,192.27,0.0
332,131,10,5,69.78,0.0
333,131,19,4,139.22,0.15
334,132,15,1,169.95,0.1
335,132,16,4,152.75,0.0
336,132,9,5,125.78,0.0
337,133,13,4,110.8,0.05
338,133,19,2,139.22,0.0
339,133,18,1,311.1,0.0
340,133,8,2,290.69,0.0
341,134,4,5,235.29,0.0
342,134,8,2,290.69,0.1
343,135,3,1,244.94,0.05
344,135,20,5,427.4,0.0
345,136,12,3,192.27,0.15
346,136,13,1,110.8,0.0
347,136,19,1,139.22,0.0
348,137,16,3,152.75,0.0
349,137,6,5,212.56,0.0
350,137,11,2,219.22,0.0
351,137,1,1,352.32,0.0
352,138,20,3,427.4,0.0
353,138,11,4,219.22,0.0
354,138,6,5,212.56,0.0
355,138,18,5,311.1,0.0
356,139,6,3,212.56,0.0
357,140,3,4,244.94,0.0
358,140,12,4,192.27,0.0
359,140,11,4,219.22,0.0
360,140,13,1,110.8,0.15
361,141,1,4,352.32,0.05
362,141,14,4,170.44,0.0
363,142,13,2,110.8,0.05
364,143,3,1,244.94,0.05
365,143,17,2,175.72,0.0
366,143,20,1,427.4,0.0
367,144,17,2,175.72,0.0
368,144,7,3,178.21,0.0
369,144,9,4,125.78,0.0
370,145,3,1,244.94,0.0
371,145,15,5,169.95,0.15
372,145,6,5,212.56,0.0
373,145,16,5,152.75,0.0
374,146,15,1,169.95,0.0
375,146,10,5,69.78,0.0
376,146,13,2,110.8,0.0
377,147,17,3,175.72,0.0
378,147,19,3,139.22,0.0
379,148,10,2,69.78,0.05
380,149,12,5,192.27,0.1
381,150,17,2,175.72,0.1
382,150,19,2,139.22,0.0
383,151,9,4,125.78,0.0
384,152,14,1,170.44,0.0
385,152,6,5,212.56,0.0
386,152,2,5,67.47,0.0
387,153,9,2,125.78,0.0
388,154,17,1,175.72,0.0
389,154,5,5,387.05,0.0
390,155,16,4,152.75,0.0
391,155,5,1,387.05,0.05
392,155,6,4,212.56,0.15
393,155,20,1,427.4,0.05
394,156,15,3,169.95,0.1
395,156,8,2,290.69,0.0
396,157,11,2,219.22,0.05
397,157,3,4,244.94,0.0
398,158,5,3,387.05,0.05
399,158,11,2,219.22,0.0
400,159,13,3,110.8,0.0
401,159,8,3,290.69,0.0
402,159,10,3,69.78,0.0
403,159,11,1,219.22,0.05
404,160,15,2,169.95,0.05
405,160,14,3,170.44,0.0
406,161,11,2,219.22,0.0
407,161,2,1,67.47,0.0
408,161,13,2,110.8,0.1
409,161,6,2,212.56,0.05
410,162,20,5,427.4,0.0
411,162,5,5,387.05,0.0
412,163,17,3,175.72,0.0
413,163,8,4,290.69,0.0
414,163,18,5,311.1,0.0
415,163,20,3,427.4,0.0
416,164,4,2,235.29,0.0
417,164,6,5,212.56,0.05
418,164,11,1,219.22,0.0
419,164,13,2,110.8,0.15
420,165,8,3,290.69,0.05
421,165,9,2,125.78,0.0
422,165,1,2,352.32,0.0
423,166,15,2,169.95,0.0
424,166,17,1,175.72,0.05
425,167,13,3,110.8,0.0
426,167,4,2,235.29,0.0
427,167,1,1,352.32,0.0
428,167,6,3,212.56,0.0
429,168,17,5,175.72,0.0
430,168,6,2,212.56,0.0
431,168,11,4,219.22,0.0
432,168,2,1,67.47,0.0
433,169,1,3,352.32,0.0
434,169,14,5,170.44,0.05
435,169,4,3,235.29,0.0
436,169,11,4,219.22,0.0
437,170,13,4,110.8,0.0
438,170,16,1,152.75,0.0
439,171,9,1,125.78,0.15
440,171,10,5,69.78,0.0
441,171,18,2,311.1,0.05
442,172,3,4,244.94,0.0
443,172,16,1,152.75,0.0
444,172,1,2,352.32,0.0
445,172,5,4,387.05,0.0
446,173,5,2,387.05,0.0
447,174,12,3,192.27,0.05
448,174,15,2,169.95,0.0
449,174,5,3,387.05,0.15
450,174,14,4,170.44,0.05
451,175,12,3,192.27,0.0
452,176,13,5,110.8,0.0
453,176,10,4,69.78,0.0
454,176,16,1,152.75,0.0
455,177,13,3,110.8,0.0
456,177,5,4,387.05,0.0
457,178,1,2,352.32,0.0
458,179,8,2,290.69,0.0
459,179,9,2,125.78,0.1
460,179,20,3,427.4,0.0
461,179,1,4,352.32,0.0
462,180,16,4,152.75,0.0
463,180,19,2,139.22,0.05
464,180,20,2,427.4,0.0
465,181,5,5,387.05,0.0
466,182,4,4,235.29,0.0
467,182,17,5,175.72,0.0
468,183,8,4,290.69,0.0
469,183,13,3,110.8,0.0
470,183,10,3,69.78,0.0
471,184,18,3,311.1,0.0
472,184,12,1,192.27,0.0
473,185,9,3,125.78,0.0
474,185,6,2,212.56,0.1
475,185,7,3,178.21,0.0
476,186,4,3,235.29,0.0
477,186,1,2,352.32,0.0
478,186,15,2,169.95,0.0
479,187,14,2,170.44,0.0
480,187,16,1,152.75,0.0
481,187,3,1,244.94,0.0
482,187,8,1,290.69,0.0
483,188,6,3,212.56,0.0
484,188,20,1,427.4,0.0
485,188,4,2,235.29,0.0
486,188,3,3,244.94,0.0
487,189,9,3,125.78,0.0
488,189,5,5,387.05,0.0
489,190,3,5,244.94,0.0
490,191,18,5,311.1,0.0
491,191,20,5,427.4,0.0
492,191,11,4,219.22,0.0
493,191,19,3,139.22,0.0
494,192,20,5,427.4,0.0
495,192,8,3,290.69,0.0
496,192,18,5,311.1,0.0
497,192,10,5,69.78,0.0
498,193,4,4,235.29,0.0
499,194,17,2,175.72,0.0
500,194,3,5,244.94,0.0
501,195,1,4,352.32,0.0
502,195,10,1,69.78,0.0
503,195,18,3,311.1,0.0
504,195,17,3,175.72,0.0
505,196,11,4,219.22,0.0
506,196,19,5,139.22,0.0
507,196,5,4,387.05,0.0
508,197,18,1,311.1,0.15
509,197,5,5,387.05,0.05
510,198,20,1,427.4,0.0
511,199,8,1,290.69,0.05
512,199,7,5,178.21,0.0
513,199,3,1,244.94,0.0
514,200,11,1,219.22,0.0
515,200,16,2,152.75,0.1
516,200,17,2,175.72,0.0
517,200,8,4,290.69,0.0
518,201,3,2,244.94,0.0
519,201,13,1,110.8,0.0
520,201,11,3,219.22,0.0
521,201,6,1,212.56,0.0
522,202,19,5,139.22,0.0
523,202,5,4,387.05,0.0
524,202,18,4,311.1,0.05
525,203,13,5,110.8,0.0
526,204,13,1,110.8,0.0
527,204,14,3,170.44,0.0
528,205,19,1,139.22,0.0
529,206,18,5,311.1,0.0
530,206,17,3,175.72,0.0
531,206,15,5,169.95,0.0
532,207,20,5,427.4,0.0
533,207,19,3,139.22,0.0
534,207,16,2,152.75,0.0
535,208,15,3,169.95,0.0
536,208,14,1,170.44,0.0
537,209,6,3,212.56,0.0
538,209,7,4,178.21,0.0
539,210,19,3,139.22,0.0
540,210,5,2,387.05,0.0
541,210,14,3,170.44,0.0
542,210,13,3,110.8,0.0
543,211,8,5,290.69,0.0
544,211,3,5,244.94,0.0
545,212,8,2,290.69,0.0
546,212,16,2,152.75,0.15
547,213,15,4,169.95,0.0
548,214,6,2,212.56,0.1
549,214,12,4,192.27,0.0
550,214,4,4,235.29,0.0
551,215,20,1,427.4,0.0
552,216,13,2,110.8,0.05
553,216,19,3,139.22,0.0
554,217,1,4,352.32,0.0
555,218,18,3,311.1,0.0
556,218,4,2,235.29,0.0
557,218,12,1,192.27,0.05
558,218,9,2,125.78,0.0
559,219,9,5,125.78,0.0
560,220,15,3,169.95,0.0
561,220,3,3,244.94,0.05
562,221,18,2,311.1,0.0
563,221,14,1,170.44,0.0
564,221,2,4,67.47,0.0
565,221,10,2,69.78,0.0
566,222,7,4,178.21,0.0
567,223,5,4,387.05,0.1
568,223,6,3,212.56,0.05
569,223,18,1,311.1,0.05
570,224,18,1,311.1,0.0
571,224,3,4,244.94,0.0
572,224,7,2,178.21,0.15
573,224,10,2,69.78,0.15
574,225,15,4,169.95,0.0
575,226,14,3,170.44,0.0
576,227,4,5,235.29,0.0
577,227,9,4,125.78,0.0
578,228,14,3,170.44,0.0
579,228,12,1,192.27,0.0
580,229,17,2,175.72,0.0
581,230,18,4,311.1,0.0
582,230,3,3,244.94,0.0
583,230,7,2,178.21,0.0
584,231,14,3,170.44,0.1
585,231,12,3,192.27,0.0
586,231,15,1,169.95,0.0
587,232,17,1,175.72,0.0
588,232,14,4,170.44,0.0
589,232,11,3,219.22,0.15
590,233,2,1,67.47,0.05
591,234,13,1,110.8,0.05
592,234,1,4,352.32,0.0
593,235,1,2,352.32,0.0
594,235,4,2,235.29,0.0
595,236,1,5,352.32,0.1
596,236,7,1,178.21,0.0
597,237,19,1,139.22,0.0
598,237,3,4,244.94,0.0
599,237,20,1,427.4,0.0
600,237,17,1,175.72,0.0
601,238,19,1,139.22,0.15
602,238,14,4,170.44,0.0
603,239,1,4,352.32,0.0
604,239,3,2,244.94,0.0
605,240,15,5,169.95,0.0
606,240,17,1,175.72,0.0
607,240,6,5,212.56,0.05
608,241,19,1,139.22,0.0
609,241,12,2,192.27,0.0
610,241,3,3,244.94,0.0
611,242,11,3,219.22,0.0
612,242,12,5,192.27,0.1
613,242,5,5,387.05,0.0
614,242,7,5,178.21,0.1
615,243,2,5,67.47,0.0
616,243,1,1,352.32,0.0
617,243,5,5,387.05,0.0
618,243,8,4,290.69,0.0
619,244,5,1,387.05,0.0
620,244,20,2,427.4,0.05
621,244,7,1,178.21,0.0
622,244,13,4,110.8,0.0
623,245,13,2,110.8,0.0
624,245,18,3,311.1,0.0
625,245,10,1,69.78,0.0
626,245,14,3,170.44,0.0
627,246,3,3,244.94,0.0
628,247,5,3,387.05,0.1
629,247,7,4,178.21,0.0
630,247,20,2,427.4,0.0
631,247,14,2,170.44,0.05
632,248,18,3,311.1,0.15
633,248,12,3,192.27,0.0
634,249,10,5,69.78,0.0
635,249,14,5,170.44,0.0
636,249,18,2,311.1,0.0
637,250,2,1,67.47,0.0
638,251,17,2,175.72,0.0
639,251,1,5,352.32,0.15
640,251,10,4,69.78,0.0
641,252,17,3,175.72,0.05
642,252,6,4,212.56,0.0
643,252,4,3,235.29,0.0
644,252,12,3,192.27,0.0
645,253,10,1,69.78,0.0
646,253,1,1,352.32,0.0
647,253,12,1,192.27,0.0
648,254,3,2,244.94,0.0
649,254,1,4,352.32,0.0
650,254,2,3,67.47,0.0
651,255,20,2,427.4,0.0
652,256,9,2,125.78,0.0
653,256,1,5,352.32,0.0
654,256,3,5,244.94,0.0
655,256,15,5,169.95,0.0
656,257,10,3,69.78,0.0
657,258,19,5,139.22,0.0
658,259,6,4,212.56,0.0
659,259,9,1,125.78,0.0
660,259,14,1,170.44,0.0
661,259,12,5,192.27,0.0
662,260,3,4,244.94,0.05
663,260,17,5,175.72,0.05
664,261,17,2,175.72,0.1
665,261,11,3,219.22,0.0
666,262,5,2,387.05,0.0
667,262,2,2,67.47,0.05
668,263,19,2,139.22,0.05
669,263,15,2,169.95,0.0
670,263,6,1,212.56,0.0
671,264,13,1,110.8,0.0
672,264,17,3,175.72,0.0
673,265,10,2,69.78,0.0
674,265,3,3,244.94,0.0
675,265,18,5,311.1,0.0
676,265,1,3,352.32,0.0
677,266,6,1,212.56,0.0
678,266,4,2,235.29,0.0
679,266,20,2,427.4,0.0
680,266,7,4,178.21,0.0
681,267,18,3,311.1,0.05
682,268,1,1,352.32,0.0
683,269,8,3,290.69,0.15
684,269,1,3,352.32,0.0
685,269,12,1,192.27,0.1
686,270,12,3,192.27,0.1
687,270,11,3,219.22,0.0
688,270,5,3,387.05,0.0
689,270,10,2,69.78,0.15
690,271,12,5,192.27,0.0
691,271,1,4,352.32,0.0
692,271,5,1,387.05,0.0
693,272,2,1,67.47,0.05
694,272,9,5,125.78,0.0
695,272,10,2,69.78,0.0
696,272,16,2,152.75,0.0
697,273,11,3,219.22,0.0
698,273,12,2,192.27,0.0
699,273,18,1,311.1,0.0
700,273,3,4,244.94,0.05
701,274,10,2,69.78,0.0
702,274,17,4,175.72,0.0
703,275,14,5,170.44,0.1
704,275,11,5,219.22,0.05
705,276,11,3,219.22,0.0
706,276,4,2,235.29,0.0
707,276,12,5,192.27,0.0
708,277,9,3,125.78,0.0
709,277,1,4,352.32,0.0
710,278,18,2,311.1,0.05
711,279,7,1,178.21,0.0
712,280,7,4,178.21,0.0
713,280,5,4,387.05,0.0
714,280,19,1,139.22,0.15
715,281,19,1,139.22,0.0
716,281,6,1,212.56,0.0
717,281,15,3,169.95,0.0
718,282,6,4,212.56,0.0
719,282,16,3,152.75,0.15
720,282,14,2,170.44,0.0
721,282,7,3,178.21,0.0
722,283,20,3,427.4,0.0
723,283,9,5,125.78,0.1
724,284,6,4,212.56,0.05
725,284,3,5,244.94,0.0
726,284,12,3,192.27,0.0
727,284,17,2,175.72,0.0
728,285,13,3,110.8,0.0
729,285,15,5,169.95,0.0
730,285,4,5,235.29,0.0
731,286,15,2,169.95,0.05
732,286,5,2,387.05,0.0
733,286,20,5,427.4,0.0
734,287,13,3,110.8,0.0
735,287,11,3,219.22,0.0
736,287,20,5,427.4,0.0
737,288,15,2,169.95,0.1
738,288,12,5,192.27,0.0
739,288,18,5,311.1,0.0
740,289,2,3,67.47,0.05
741,289,11,5,219.22,0.0
742,289,17,1,175.72,0.0
743,290,19,5,139.22,0.0
744,290,3,3,244.94,0.0
745,290,13,1,110.8,0.0
746,290,8,3,290.69,0.0
747,291,13,4,110.8,0.0
748,291,16,3,152.75,0.0
749,292,17,3,175.72,0.0
750,292,15,5,169.95,0.0
751,293,9,1,125.78,0.05
752,293,19,1,139.22,0.05
753,293,10,4,69.78,0.0
754,294,10,4,69.78,0.0
755,294,6,3,212.56,0.0
756,294,3,5,244.94,0.0
757,295,11,5,219.22,0.15
758,295,12,1,192.27,0.05
759,295,13,4,110.8,0.0
760,296,7,1,178.21,0.0
761,296,16,5,152.75,0.0
762,296,5,3,387.05,0.0
763,296,10,1,69.78,0.0
764,297,2,4,67.47,0.0
765,297,14,3,170.44,0.1
766,297,3,4,244.94,0.05
767,297,13,5,110.8,0.0
768,298,16,2,152.75,0.05
769,298,15,1,169.95,0.05
770,299,2,1,67.47,0.15
771,299,9,3,125.78,0.05
772,300,18,1,311.1,0.0
773,300,9,5,125.78,0.1
774,300,6,2,212.56,0.0
775,300,5,3,387.05,0.0
776,301,13,1,110.8,0.0
777,302,8,3,290.69,0.05
778,302,13,4,110.8,0.0
779,303,8,5,290.69,0.15
780,303,13,2,110.8,0.0
781,303,9,2,125.78,0.0
782,304,17,4,175.72,0.0
783,304,3,4,244.94,0.0
784,305,3,5,244.94,0.0
785,305,12,4,192.27,0.0
786,305,4,3,235.29,0.0
787,305,16,3,152.75,0.0
788,306,11,1,219.22,0.05
789,306,15,4,169.95,0.0
790,306,5,1,387.05,0.0
791,306,10,2,69.78,0.0
792,307,5,5,387.05,0.0
793,307,6,5,212.56,0.0
794,308,11,2,219.22,0.0
795,309,2,3,67.47,0.0
796,309,18,1,311.1,0.1
797,309,4,3,235.29,0.0
798,309,10,5,69.78,0.0
799,310,7,2,178.21,0.0
800,310,8,1,290.69,0.0
801,311,15,5,169.95,0.05
802,311,12,4,192.27,0.0
803,311,7,5,178.21,0.0
804,311,16,3,152.75,0.0
805,312,15,1,169.95,0.0
806,313,15,3,169.95,0.0
807,314,2,2,67.47,0.0
808,314,7,2,178.21,0.0
809,314,11,4,219.22,0.0
810,314,8,1,290.69,0.0
811,315,19,1,139.22,0.05
812,315,12,3,192.27,0.0
813,315,6,3,212.56,0.0
814,315,8,3,290.69,0.0
815,316,4,4,235.29,0.0
816,317,16,4,152.75,0.05
817,317,9,1,125.78,0.15
818,318,14,4,170.44,0.05
819,318,10,5,69.78,0.0
820,318,17,5,175.72,0.0
821,318,18,3,311.1,0.05
822,319,3,4,244.94,0.15
823,319,9,4,125.78,0.0
824,319,15,2,169.95,0.0
825,320,17,4,175.72,0.0
826,320,19,3,139.22,0.15
827,320,5,2,387.05,0.0
828,321,19,3,139.22,0.0
829,321,16,3,152.75,0.05
830,322,17,3,175.72,0.0
831,323,15,2,169.95,0.05
832,324,15,2,169.95,0.0
833,324,7,4,178.21,0.0
834,325,13,2,110.8,0.0
835,325,3,2,244.94,0.1
836,325,15,2,169.95,0.0
837,326,20,3,427.4,0.0
838,327,6,1,212.56,0.0
839,327,5,5,387.05,0.0
840,328,5,5,387.05,0.15
841,328,6,3,212.56,0.05
842,328,13,4,110.8,0.0
843,329,10,4,69.78,0.0
844,329,20,1,427.4,0.15
845,330,17,3,175.72,0.0
846,330,10,2,69.78,0.1
847,330,2,1,67.47,0.0
848,331,12,2,192.27,0.0
849,331,7,5,178.21,0.0
850,331,14,1,170.44,0.0
851,331,16,3,152.75,0.0
852,332,8,1,290.69,0.0
853,332,1,1,352.32,0.0
854,332,12,2,192.27,0.0
855,333,4,3,235.29,0.0
856,334,12,3,192.27,0.0
857,334,18,5,311.1,0.0
858,334,6,3,212.56,0.0
859,335,20,1,427.4,0.0
860,335,8,2,290.69,0.05
861,336,13,3,110.8,0.0
862,336,8,1,290.69,0.0
863,336,14,2,170.44,0.0
864,337,16,4,152.75,0.0
865,337,19,3,139.22,0.0
866,338,9,3,125.78,0.0
867,338,6,5,212.56,0.0
868,338,11,1,219.22,0.0
869,339,13,3,110.8,0.0
870,339,18,4,311.1,0.15
871,340,13,1,110.8,0.0
872,340,9,2,125.78,0.0
873,340,7,5,178.21,0.0
874,340,14,2,170.44,0.0
875,341,5,1,387.05,0.0
876,341,8,3,290.69,0.0
877,342,10,5,69.78,0.0
878,343,1,2,352.32,0.1
879,344,19,1,139.22,0.0
880,344,12,4,192.27,0.0
881,344,6,5,212.56,0.0
882,345,17,1,175.72,0.15
883,346,1,1,352.32,0.0
884,346,4,1,235.29,0.0
885,346,8,3,290.69,0.0
886,347,6,5,212.56,0.05
887,347,9,5,125.78,0.0
888,347,20,5,427.4,0.0
889,347,15,5,169.95,0.0
890,348,13,4,110.8,0.0
891,348,10,1,69.78,0.0
892,348,17,3,175.72,0.0
893,349,3,4,244.94,0.0
894,349,15,4,169.95,0.0
895,350,13,3,110.8,0.05
896,350,17,3,175.72,0.0
897,350,2,1,67.47,0.05
898,351,6,2,212.56,0.0
899,351,8,3,290.69,0.0
900,352,16,2,152.75,0.05
901,352,7,1,178.21,0.1
902,352,13,2,110.8,0.0
903,353,11,4,219.22,0.0
904,353,5,5,387.05,0.1
905,354,12,4,192.27,0.0
906,354,16,1,152.75,0.0
907,354,10,3,69.78,0.0
908,355,8,1,290.69,0.0
909,355,10,5,69.78,0.0
910,356,7,4,178.21,0.0
911,357,18,2,311.1,0.0
912,358,18,5,311.1,0.0
913,359,9,2,125.78,0.1
914,360,3,5,244.94,0.1
915,360,2,4,67.47,0.0
916,360,18,1,311.1,0.0
917,360,13,3,110.8,0.0
918,361,20,2,427.4,0.0
919,362,9,4,125.78,0.0
920,362,2,1,67.47,0.0
921,363,18,4,311.1,0.0
922,363,11,1,219.22,0.0
923,363,3,5,244.94,0.0
924,364,14,3,170.44,0.0
925,365,12,1,192.27,0.0
926,365,2,3,67.47,0.0
927,366,2,3,67.47,0.0
928,367,2,5,67.47,0.15
929,368,10,1,69.78,0.0
930,368,15,2,169.95,0.0
931,368,9,5,125.78,0.0
932,368,17,3,175.72,0.0
933,369,13,3,110.8,0.0
934,369,6,2,212.56,0.0
935,369,8,1,290.69,0.0
936,370,4,4,235.29,0.0
937,370,8,5,290.69,0.1
938,371,12,1,192.27,0.0
939,372,13,5,110.8,0.0
940,372,11,3,219.22,0.0
941,373,4,4,235.29,0.1
942,373,19,4,139.22,0.0
943,373,9,4,125.78,0.0
944,373,18,4,311.1,0.1
945,374,4,4,235.29,0.0
946,374,10,4,69.78,0.0
947,375,8,4,290.69,0.05
948,376,8,5,290.69,0.0
949,376,11,3,219.22,0.0
950,377,10,2,69.78,0.0
951,377,17,2,175.72,0.0
952,377,12,2,192.27,0.1
953,377,15,1,169.95,0.0
954,378,19,5,139.22,0.0
955,378,9,2,125.78,0.0
956,378,14,5,170.44,0.05
957,379,19,4,139.22,0.0
958,379,15,1,169.95,0.0
959,380,16,4,152.75,0.0
960,381,16,1,152.75,0.0
961,381,19,3,139.22,0.0
962,382,2,3,67.47,0.0
963,382,4,3,235.29,0.0
964,382,18,3,311.1,0.0
965,383,8,2,290.69,0.0
966,384,7,3,178.21,0.1
967,384,3,2,244.94,0.0
968,385,2,1,67.47,0.0
969,385,14,3,170.44,0.0
970,385,3,5,244.94,0.0
971,386,7,2,178.21,0.0
972,387,14,2,170.44,0.0
973,387,7,3,178.21,0.0
974,387,11,3,219.22,0.1
975,388,15,3,169.95,0.0
976,388,19,5,139.22,0.0
977,388,2,4,67.47,0.0
978,389,7,3,178.21,0.05
979,389,16,5,152.75,0.0
980,389,11,2,219.22,0.15
981,389,10,3,69.78,0.05
982,390,18,3,311.1,0.0
983,390,20,3,427.4,0.1
984,390,7,4,178.21,0.0
985,390,9,4,125.78,0.0
986,391,20,1,427.4,0.0
987,391,3,1,244.94,0.0
988,391,10,5,69.78,0.0
989,392,1,1,352.32,0.0
990,392,8,2,290.69,0.0
991,392,11,1,219.22,0.0
992,393,16,3,152.75,0.0
993,394,11,4,219.22,0.0
994,394,5,3,387.05,0.1
995,394,7,1,178.21,0.0
996,394,9,1,125.78,0.0
997,395,10,2,69.78,0.0
998,395,6,2,212.56,0.0
999,395,13,4,110.8,0.0
1000,396,8,3,290.69,0.0
1001,397,4,4,235.29,0.0
1002,397,14,4,170.44,0.0
1003,397,17,3,175.72,0.0
1004,397,7,5,178.21,0.05
1005,398,15,4,169.95,0.0
1006,399,7,3,178.21,0.1
1007,400,12,5,192.27,0.0
1008,400,2,3,67.47,0.0
1009,400,19,5,139.22,0.05
1010,400,14,3,170.44,0.0
1011,401,17,5,175.72,0.0
1012,401,9,1,125.78,0.05
1013,401,3,5,244.94,0.0
1014,401,2,1,67.47,0.0
1015,402,4,4,235.29,0.0
1016,402,14,2,170.44,0.0
1017,402,5,1,387.05,0.0
1018,402,13,3,110.8,0.0
1019,403,4,1,235.29,0.0
1020,404,19,1,139.22,0.0
1021,404,4,4,235.29,0.0
1022,404,6,2,212.56,0.0
1023,405,14,5,170.44,0.0
1024,405,16,3,152.75,0.15
1025,405,13,4,110.8,0.0
1026,406,8,4,290.69,0.0
1027,407,4,3,235.29,0.0
1028,407,10,3,69.78,0.0
1029,407,8,5,290.69,0.0
1030,408,15,5,169.95,0.0
1031,408,11,5,219.22,0.05
1032,408,8,1,290.69,0.0
1033,408,10,2,69.78,0.0
1034,409,10,3,69.78,0.05
1035,410,1,3,352.32,0.0
1036,410,2,5,67.47,0.15
1037,410,17,4,175.72,0.0
1038,411,14,3,170.44,0.05
1039,411,9,3,125.78,0.0
1040,411,15,4,169.95,0.15
1041,411,18,3,311.1,0.05
1042,412,18,2,311.1,0.0
1043,412,14,3,170.44,0.05
1044,413,18,4,311.1,0.0
1045,413,6,5,212.56,0.0
1046,414,3,5,244.94,0.0
1047,414,15,5,169.95,0.0
1048,415,18,1,311.1,0.0
1049,415,19,4,139.22,0.05
1050,415,13,3,110.8,0.0
1051,415,10,2,69.78,0.0
1052,416,11,4,219.22,0.0
1053,416,19,2,139.22,0.15
1054,417,7,1,178.21,0.0
1055,417,15,1,169.95,0.1
1056,417,6,2,212.56,0.0
1057,418,11,5,219.22,0.0
1058,419,6,5,212.56,0.0
1059,419,14,1,170.44,0.0
1060,419,1,5,352.32,0.05
1061,419,15,5,169.95,0.0
1062,420,17,3,175.72,0.0
1063,420,2,1,67.47,0.05
1064,420,13,4,110.8,0.1
1065,421,12,1,192.27,0.0
1066,421,7,5,178.21,0.0
1067,421,18,5,311.1,0.0
1068,421,2,1,67.47,0.05
1069,422,1,3,352.32,0.1
1070,422,14,4,170.44,0.0
1071,422,3,3,244.94,0.0
1072,422,19,5,139.22,0.05
1073,423,4,3,235.29,0.05
1074,423,19,1,139.22,0.0
1075,423,2,5,67.47,0.0
1076,424,15,3,169.95,0.0
1077,424,9,5,125.78,0.0
1078,424,12,5,192.27,0.0
1079,424,19,2,139.22,0.0
1080,425,9,3,125.78,0.0
1081,425,3,5,244.94,0.0
1082,426,2,1,67.47,0.0
1083,427,4,3,235.29,0.0
1084,428,5,3,387.05,0.0
1085,428,18,2,311.1,0.0
1086,428,14,2,170.44,0.05
1087,429,7,5,178.21,0.0
1088,429,17,4,175.72,0.0
1089,429,10,1,69.78,0.0
1090,430,5,1,387.05,0.0
1091,430,8,2,290.69,0.0
1092,430,12,1,192.27,0.0
1093,430,1,4,352.32,0.0
1094,431,11,3,219.22,0.1
1095,431,16,3,152.75,0.05
1096,431,6,2,212.56,0.0
1097,432,13,4,110.8,0.0
1098,432,8,4,290.69,0.0
1099,433,18,4,311.1,0.0
1100,433,11,3,219.22,0.0
1101,433,19,3,139.22,0.0
1102,433,14,4,170.44,0.0
1103,434,11,3,219.22,0.0
1104,434,8,1,290.69,0.0
1105,435,15,4,169.95,0.0
1106,435,18,3,311.1,0.05
1107,435,6,2,212.56,0.0
1108,435,17,2,175.72,0.0
1109,436,6,1,212.56,0.1
1110,436,1,5,352.32,0.0
1111,437,19,4,139.22,0.05
1112,437,10,1,69.78,0.15
1113,437,8,4,290.69,0.0
1114,437,13,4,110.8,0.0
1115,438,7,4,178.21,0.0
1116,439,7,1,178.21,0.05
1117,440,9,2,125.78,0.0
1118,440,8,5,290.69,0.0
1119,440,13,3,110.8,0.0
1120,441,20,5,427.4,0.0
1121,442,19,5,139.22,0.0
1122,443,2,3,67.47,0.0
1123,443,1,2,352.32,0.0
1124,444,16,3,152.75,0.0
1125,444,12,5,192.27,0.0
1126,444,9,4,125.78,0.05
1127,445,7,4,178.21,0.0
1128,445,16,2,152.75,0.0
1129,445,6,5,212.56,0.15
1130,446,6,3,212.56,0.0
1131,446,1,2,352.32,0.0
1132,446,2,5,67.47,0.0
1133,446,13,4,110.8,0.0
1134,447,10,1,69.78,0.0
1135,447,15,4,169.95,0.0
1136,448,16,2,152.75,0.0
1137,448,8,4,290.69,0.05
1138,449,3,2,244.94,0.0
1139,449,12,5,192.27,0.0
1140,449,18,2,311.1,0.0
1141,450,2,5,67.47,0.0
1142,450,11,5,219.22,0.0
1143,450,9,1,125.78,0.0
1144,451,16,4,152.75,0.0
1145,451,20,4,427.4,0.0
1146,451,5,4,387.05,0.0
1147,452,2,1,67.47,0.05
1148,453,13,1,110.8,0.0
1149,453,20,3,427.4,0.0
1150,453,3,5,244.94,0.0
1151,454,14,1,170.44,0.0
1152,454,20,4,427.4,0.0
1153,454,5,3,387.05,0.0
1154,455,13,4,110.8,0.0
1155,455,7,3,178.21,0.0
1156,455,9,4,125.78,0.0
1157,456,19,5,139.22,0.0
1158,456,5,5,387.05,0.0
1159,456,18,5,311.1,0.0
1160,457,10,5,69.78,0.0
1161,457,12,4,192.27,0.05
1162,457,11,2,219.22,0.0
1163,457,18,2,311.1,0.0
1164,458,15,4,169.95,0.05
1165,458,9,4,125.78,0.0
1166,458,2,5,67.47,0.0
1167,458,12,1,192.27,0.1
1168,459,2,2,67.47,0.0
1169,459,13,5,110.8,0.0
1170,459,4,4,235.29,0.0
1171,460,20,5,427.4,0.0
1172,461,7,2,178.21,0.0
1173,461,18,2,311.1,0.15
1174,462,14,5,170.44,0.0
1175,462,12,4,192.27,0.15
1176,462,7,1,178.21,0.05
1177,462,19,3,139.22,0.0
1178,463,14,2,170.44,0.0
1179,463,10,3,69.78,0.0
1180,464,12,3,192.27,0.0
1181,465,5,4,387.05,0.05
1182,465,13,4,110.8,0.0
1183,466,6,3,212.56,0.0
1184,466,12,1,192.27,0.0
1185,466,17,1,175.72,0.0
1186,467,11,4,219.22,0.0
1187,467,6,5,212.56,0.0
1188,468,4,2,235.29,0.0
1189,468,20,1,427.4,0.0
1190,469,9,1,125.78,0.0
1191,470,14,4,170.44,0.0
1192,470,19,2,139.22,0.05
1193,470,18,3,311.1,0.0
1194,471,3,5,244.94,0.0
1195,471,12,5,192.27,0.0
1196,471,13,3,110.8,0.0
1197,471,9,5,125.78,0.0
1198,472,12,5,192.27,0.0
1199,472,9,2,125.78,0.0
1200,472,2,5,67.47,0.0
1201,472,3,3,244.94,0.0
1202,473,6,4,212.56,0.0
1203,473,17,1,175.72,0.0
1204,474,15,1,169.95,0.05
1205,475,17,2,175.72,0.15
1206,475,1,4,352.32,0.0
1207,475,18,1,311.1,0.0
1208,476,9,4,125.78,0.0
1209,476,18,4,311.1,0.0
1210,477,16,5,152.75,0.0
1211,478,9,1,125.78,0.0
1212,478,13,3,110.8,0.0
1213,479,20,4,427.4,0.0
1214,479,19,2,139.22,0.0
1215,480,2,1,67.47,0.0
1216,480,6,2,212.56,0.0
1217,480,11,2,219.22,0.1
1218,480,15,4,169.95,0.0
1219,481,4,5,235.29,0.0
1220,482,11,1,219.22,0.0
1221,482,2,1,67.47,0.0
1222,483,16,2,152.75,0.05
1223,483,12,2,192.27,0.0
1224,483,18,2,311.1,0.0
1225,484,7,3,178.21,0.0
1226,485,11,4,219.22,0.0
1227,485,19,2,139.22,0.0
1228,485,17,1,175.72,0.0
1229,485,5,1,387.05,0.0
1230,486,8,2,290.69,0.0
1231,487,1,3,352.32,0.0
1232,488,8,1,290.69,0.0
1233,488,18,2,311.1,0.0
1234,489,10,3,69.78,0.0
1235,489,4,4,235.29,0.0
1236,489,17,5,175.72,0.1
1237,490,10,3,69.78,0.0
1238,490,18,5,311.1,0.0
1239,491,14,4,170.44,0.0
1240,491,11,2,219.22,0.0
1241,491,5,2,387.05,0.0
1242,492,1,1,352.32,0.0
1243,492,9,3,125.78,0.0
1244,493,15,4,169.95,0.0
1245,493,6,4,212.56,0.1
1246,494,11,2,219.22,0.0
1247,494,4,2,235.29,0.0
1248,494,8,1,290.69,0.0
1249,494,20,5,427.4,0.0
1250,495,19,5,139.22,0.0
1251,496,4,5,235.29,0.0
1252,497,14,5,170.44,0.0
1253,498,5,2,387.05,0.05
1254,498,8,3,290.69,0.0
1255,498,3,1,244.94,0.0
1256,499,20,3,427.4,0.0
1257,499,9,2,125.78,0.0
1258,500,14,1,170.44,0.0
1259,500,7,4,178.21,0.0
1260,500,18,3,311.1,0.0
1261,501,9,3,125.78,0.0
1262,501,14,4,170.44,0.0
1263,502,17,5,175.72,0.0
1264,502,8,3,290.69,0.1
1265,503,12,1,192.27,0.0
1266,504,15,2,169.95,0.05
1267,504,12,5,192.27,0.0
1268,505,17,1,175.72,0.0
1269,506,18,3,311.1,0.0
1270,507,9,2,125.78,0.0
1271,507,14,3,170.44,0.0
1272,508,9,1,125.78,0.0
1273,509,5,2,387.05,0.05
1274,510,3,5,244.94,0.0
1275,510,18,4,311.1,0.0
1276,510,6,4,212.56,0.0
1277,511,9,5,125.78,0.0
1278,511,6,4,212.56,0.0
1279,511,17,2,175.72,0.0
1280,511,3,2,244.94,0.0
1281,512,11,3,219.22,0.0
1282,512,9,4,125.78,0.0
1283,513,16,3,152.75,0.0
1284,513,11,4,219.22,0.0
1285,514,3,2,244.94,0.05
1286,514,18,2,311.1,0.05
1287,514,12,5,192.27,0.0
1288,515,17,2,175.72,0.15
1289,516,20,3,427.4,0.0
1290,516,5,3,387.05,0.0
1291,517,10,1,69.78,0.0
1292,518,13,5,110.8,0.0
1293,519,13,5,110.8,0.0
1294,519,9,5,125.78,0.0
1295,519,6,2,212.56,0.0
1296,520,13,3,110.8,0.0
1297,520,9,5,125.78,0.0
1298,520,5,5,387.05,0.05
1299,520,20,2,427.4,0.0
1300,521,11,2,219.22,0.0
1301,521,3,4,244.94,0.05
1302,521,18,2,311.1,0.0
1303,522,7,5,178.21,0.0
1304,523,7,4,178.21,0.0
1305,524,14,2,170.44,0.0
1306,524,13,2,110.8,0.0
1307,524,17,4,175.72,0.0
1308,525,19,1,139.22,0.05
1309,525,13,2,110.8,0.0
1310,526,13,5,110.8,0.0
1311,527,15,5,169.95,0.0
1312,527,12,4,192.27,0.0
1313,527,1,2,352.32,0.0
1314,528,13,2,110.8,0.05
1315,528,19,3,139.22,0.0
1316,528,16,2,152.75,0.0
1317,529,4,4,235.29,0.0
1318,530,12,2,192.27,0.0
1319,531,20,1,427.4,0.0
1320,531,1,2,352.32,0.0
1321,532,16,4,152.75,0.0
1322,532,2,5,67.47,0.0
1323,532,12,1,192.27,0.0
1324,533,17,5,175.72,0.1
1325,533,15,4,169.95,0.0
1326,534,16,1,152.75,0.0
1327,535,7,4,178.21,0.0
1328,536,18,1,311.1,0.05
1329,536,6,2,212.56,0.0
1330,536,4,4,235.29,0.0
1331,537,19,5,139.22,0.0
1332,537,5,3,387.05,0.0
1333,538,5,2,387.05,0.0
1334,538,11,4,219.22,0.0
1335,539,8,5,290.69,0.0
1336,539,13,4,110.8,0.0
1337,539,16,4,152.75,0.0
1338,540,14,2,170.44,0.0
1339,540,16,4,152.75,0.0
1340,540,18,3,311.1,0.0
1341,541,17,3,175.72,0.0
1342,541,20,4,427.4,0.0
1343,541,8,4,290.69,0.0
1344,542,14,1,170.44,0.0
1345,542,12,5,192.27,0.0
1346,543,10,5,69.78,0.0
1347,543,6,3,212.56,0.0
1348,543,13,5,110.8,0.0
1349,543,14,2,170.44,0.0
1350,544,12,2,192.27,0.0
1351,545,20,3,427.4,0.05
1352,546,20,1,427.4,0.15
1353,547,17,3,175.72,0.0
1354,547,4,5,235.29,0.0
1355,547,10,4,69.78,0.0
1356,547,9,3,125.78,0.0
1357,548,14,3,170.44,0.1
1358,548,4,1,235.29,0.0
1359,548,20,5,427.4,0.0
1360,549,5,2,387.05,0.0
1361,549,7,2,178.21,0.0
1362,549,6,3,212.56,0.15
1363,550,10,1,69.78,0.0
1364,550,5,2,387.05,0.0
1365,550,8,3,290.69,0.0
1366,551,1,3,352.32,0.0
1367,551,7,5,178.21,0.1
1368,551,18,3,311.1,0.0
1369,552,15,1,169.95,0.0
1370,552,8,5,290.69,0.0
1371,552,17,5,175.72,0.05
1372,552,1,4,352.32,0.05
1373,553,12,5,192.27,0.0
1374,554,17,5,175.72,0.0
1375,554,13,5,110.8,0.0
1376,555,12,3,192.27,0.05
1377,556,4,4,235.29,0.1
1378,556,9,4,125.78,0.0
1379,557,19,1,139.22,0.0
1380,558,18,4,311.1,0.0
1381,558,9,1,125.78,0.0
1382,558,2,3,67.47,0.0
1383,559,13,4,110.8,0.15
1384,559,9,5,125.78,0.0
1385,559,1,5,352.32,0.0
1386,560,7,3,178.21,0.05
1387,561,10,2,69.78,0.0
1388,561,5,5,387.05,0.0
1389,561,2,3,67.47,0.1
1390,561,9,2,125.78,0.0
1391,562,16,4,152.75,0.05
1392,562,2,3,67.47,0.0
1393,563,14,1,170.44,0.0
1394,564,14,2,170.44,0.0
1395,565,9,3,125.78,0.0
1396,565,1,3,352.32,0.0
1397,566,9,4,125.78,0.0
1398,566,11,4,219.22,0.0
1399,566,18,2,311.1,0.0
1400,566,17,4,175.72,0.0
1401,567,13,5,110.8,0.0
1402,567,16,1,152.75,0.0
1403,567,20,2,427.4,0.0
1404,568,1,3,352.32,0.0
1405,569,12,3,192.27,0.0
1406,569,13,1,110.8,0.0
1407,570,18,2,311.1,0.0
1408,571,10,5,69.78,0.0
1409,572,4,1,235.29,0.05
1410,572,11,4,219.22,0.15
1411,572,14,4,170.44,0.0
1412,573,16,3,152.75,0.0
1413,573,15,4,169.95,0.0
1414,574,6,3,212.56,0.0
1415,575,1,1,352.32,0.0
1416,575,2,1,67.47,0.0
1417,575,19,5,139.22,0.15
1418,576,16,5,152.75,0.0
1419,577,8,2,290.69,0.0
1420,577,9,2,125.78,0.0
1421,577,5,2,387.05,0.0
1422,578,8,3,290.69,0.0
1423,578,9,1,125.78,0.0
1424,578,2,1,67.47,0.0
1425,579,5,4,387.05,0.0
1426,579,18,4,311.1,0.0
1427,579,14,2,170.44,0.0
1428,579,1,1,352.32,0.0
1429,580,20,1,427.4,0.0
1430,580,3,2,244.94,0.0
1431,581,10,4,69.78,0.0
1432,581,9,5,125.78,0.0
1433,581,1,2,352.32,0.05
1434,581,12,2,192.27,0.0
1435,582,13,5,110.8,0.0
1436,582,16,3,152.75,0.0
1437,582,19,2,139.22,0.0
1438,583,20,1,427.4,0.0
1439,583,16,5,152.75,0.1
1440,583,17,5,175.72,0.0
1441,584,19,3,139.22,0.05
1442,584,14,5,170.44,0.0
1443,585,17,3,175.72,0.15
1444,585,13,4,110.8,0.0
1445,585,19,5,139.22,0.0
1446,585,11,5,219.22,0.0
1447,586,4,3,235.29,0.0
1448,586,2,4,67.47,0.0
1449,586,13,3,110.8,0.0
1450,586,15,5,169.95,0.0
1451,587,6,5,212.56,0.0
1452,587,19,1,139.22,0.0
1453,587,13,4,110.8,0.0
1454,587,10,4,69.78,0.0
1455,588,13,3,110.8,0.0
1456,588,1,2,352.32,0.0
1457,589,20,5,427.4,0.0
1458,589,9,2,125.78,0.0
1459,590,8,3,290.69,0.1
1460,591,1,3,352.32,0.0
1461,592,2,5,67.47,0.0
1462,592,16,5,152.75,0.0
1463,593,13,4,110.8,0.0
1464,593,18,3,311.1,0.0
1465,593,3,2,244.94,0.0
1466,594,20,4,427.4,0.0
1467,594,9,4,125.78,0.05
1468,594,4,4,235.29,0.0
1469,595,6,5,212.56,0.0
1470,595,13,2,110.8,0.0
1471,595,1,4,352.32,0.0
1472,595,20,4,427.4,0.0
1473,596,18,3,311.1,0.0
1474,596,9,4,125.78,0.1
1475,597,18,2,311.1,0.0
1476,597,13,3,110.8,0.05
1477,598,1,5,352.32,0.1
1478,598,13,1,110.8,0.05
1479,599,5,2,387.05,0.05
1480,599,19,4,139.22,0.0
1481,600,10,3,69.78,0.0
1482,600,3,3,244.94,0.0
1483,600,20,2,427.4,0.0
1484,601,4,5,235.29,0.0
1485,601,5,5,387.05,0.0
1486,602,4,4,235.29,0.0
1487,602,6,1,212.56,0.0
1488,602,18,1,311.1,0.1
1489,603,12,3,192.27,0.15
1490,604,10,3,69.78,0.0
1491,604,1,2,352.32,0.0
1492,605,14,1,170.44,0.0
1493,605,8,2,290.69,0.0
1494,606,15,1,169.95,0.0
1495,607,11,1,219.22,0.0
1496,607,14,1,170.44,0.05
1497,608,15,4,169.95,0.0
1498,608,5,4,387.05,0.0
1499,608,14,1,170.44,0.0
1500,608,2,5,67.47,0.0
1501,609,18,5,311.1,0.0
1502,609,10,5,69.78,0.15
1503,609,7,2,178.21,0.1
1504,609,16,5,152.75,0.0
1505,610,8,1,290.69,0.0
1506,611,9,4,125.78,0.0
1507,611,7,3,178.21,0.0
1508,612,17,5,175.72,0.05
1509,612,15,1,169.95,0.15
1510,612,4,4,235.29,0.0
1511,612,1,2,352.32,0.0
1512,613,10,3,69.78,0.0
1513,613,19,5,139.22,0.1
1514,613,9,1,125.78,0.0
1515,613,13,1,110.8,0.0
1516,614,9,1,125.78,0.0
1517,615,19,4,139.22,0.0
1518,615,3,4,244.94,0.05
1519,615,13,1,110.8,0.0
1520,616,16,1,152.75,0.1
1521,616,13,4,110.8,0.0
1522,616,2,2,67.47,0.0
1523,616,10,5,69.78,0.0
1524,617,11,3,219.22,0.15
1525,618,8,1,290.69,0.1
1526,618,1,5,352.32,0.05
1527,618,19,5,139.22,0.0
1528,618,2,1,67.47,0.0
1529,619,18,5,311.1,0.05
1530,619,6,2,212.56,0.0
1531,619,14,5,170.44,0.0
1532,620,11,3,219.22,0.0
1533,620,1,3,352.32,0.05
1534,620,4,4,235.29,0.0
1535,620,6,1,212.56,0.0
1536,621,18,4,311.1,0.0
1537,622,2,1,67.47,0.0
1538,622,14,3,170.44,0.0
1539,623,20,4,427.4,0.0
1540,624,9,1,125.78,0.0
1541,625,6,3,212.56,0.0
1542,625,5,4,387.05,0.1
1543,625,8,5,290.69,0.0
1544,626,3,5,244.94,0.0
1545,626,20,3,427.4,0.0
1546,627,17,2,175.72,0.0
1547,627,15,3,169.95,0.0
1548,627,8,2,290.69,0.15
1549,627,7,4,178.21,0.0
1550,628,8,2,290.69,0.15
1551,628,1,4,352.32,0.0
1552,628,12,4,192.27,0.0
1553,629,2,2,67.47,0.05
1554,629,5,4,387.05,0.0
1555,629,7,3,178.21,0.0
1556,629,18,2,311.1,0.0
1557,630,6,4,212.56,0.0
1558,630,18,1,311.1,0.1
1559,631,12,3,192.27,0.0
1560,631,18,5,311.1,0.0
1561,631,13,4,110.8,0.05
1562,631,5,3,387.05,0.0
1563,632,3,1,244.94,0.0
1564,633,4,2,235.29,0.0
1565,633,20,5,427.4,0.0
1566,633,14,4,170.44,0.15
1567,633,16,2,152.75,0.0
1568,634,19,3,139.22,0.0
1569,634,11,2,219.22,0.0
1570,634,10,3,69.78,0.0
1571,635,13,4,110.8,0.0
1572,636,10,1,69.78,0.05
1573,636,4,3,235.29,0.0
1574,636,11,5,219.22,0.0
1575,636,20,1,427.4,0.0
1576,637,12,3,192.27,0.0
1577,638,9,5,125.78,0.0
1578,638,1,4,352.32,0.0
1579,638,15,1,169.95,0.05
1580,639,19,1,139.22,0.0
1581,639,13,2,110.8,0.0
1582,640,4,1,235.29,0.0
1583,640,13,2,110.8,0.0
1584,641,19,3,139.22,0.0
1585,641,13,5,110.8,0.0
1586,641,2,3,67.47,0.0
1587,642,11,1,219.22,0.0
1588,642,13,4,110.8,0.0
1589,643,8,1,290.69,0.0
1590,644,6,3,212.56,0.0
1591,644,7,5,178.21,0.0
1592,644,1,3,352.32,0.05
1593,644,13,1,110.8,0.0
1594,645,8,2,290.69,0.0
1595,645,4,4,235.29,0.0
1596,646,3,1,244.94,0.0
1597,646,20,1,427.4,0.0
1598,646,18,1,311.1,0.0
1599,646,15,5,169.95,0.05
1600,647,7,5,178.21,0.0
1601,647,14,3,170.44,0.0
1602,648,11,1,219.22,0.0
1603,648,10,2,69.78,0.0
1604,648,20,4,427.4,0.05
1605,648,5,3,387.05,0.0
1606,649,15,3,169.95,0.0
1607,649,12,4,192.27,0.0
1608,650,20,4,427.4,0.05
1609,651,2,2,67.47,0.05
1610,651,11,3,219.22,0.0
1611,652,6,1,212.56,0.1
1612,653,14,5,170.44,0.0
1613,654,1,5,352.32,0.0
1614,654,16,1,152.75,0.0
1615,655,9,5,125.78,0.05
1616,656,14,3,170.44,0.15
1617,656,2,5,67.47,0.0
1618,656,13,4,110.8,0.0
1619,656,12,3,192.27,0.15
1620,657,2,1,67.47,0.0
1621,657,3,4,244.94,0.05
1622,657,20,5,427.4,0.05
1623,657,19,4,139.22,0.0
1624,658,18,2,311.1,0.05
1625,658,7,1,178.21,0.05
1626,658,8,4,290.69,0.0
1627,659,19,5,139.22,0.1
1628,659,20,4,427.4,0.0
1629,660,15,1,169.95,0.0
1630,661,6,1,212.56,0.0
1631,661,18,5,311.1,0.15
1632,661,8,5,290.69,0.15
1633,662,1,4,352.32,0.0
1634,663,16,1,152.75,0.0
1635,663,7,2,178.21,0.0
1636,664,9,2,125.78,0.0
1637,665,2,2,67.47,0.0
1638,665,19,5,139.22,0.0
1639,665,5,5,387.05,0.0
1640,666,13,4,110.8,0.05
1641,666,8,1,290.69,0.0
1642,667,7,4,178.21,0.0
1643,667,5,2,387.05,0.0
1644,667,17,4,175.72,0.15
1645,667,10,5,69.78,0.0
1646,668,5,5,387.05,0.05
1647,668,16,4,152.75,0.0
1648,668,10,5,69.78,0.05
1649,668,3,1,244.94,0.0
1650,669,3,4,244.94,0.0
1651,669,4,4,235.29,0.0
1652,669,18,5,311.1,0.0
1653,670,8,4,290.69,0.0
1654,670,15,3,169.95,0.0
1655,670,12,4,192.27,0.0
1656,670,14,5,170.44,0.0
1657,671,9,3,125.78,0.0
1658,671,13,3,110.8,0.0
1659,671,15,3,169.95,0.0
1660,671,2,2,67.47,0.0
1661,672,13,1,110.8,0.0
1662,672,17,1,175.72,0.0
1663,672,6,3,212.56,0.0
1664,673,10,4,69.78,0.0
1665,673,7,5,178.21,0.0
1666,673,11,2,219.22,0.0
1667,674,2,5,67.47,0.0
1668,675,16,2,152.75,0.0
1669,675,2,4,67.47,0.0
1670,675,4,3,235.29,0.05
1671,675,9,4,125.78,0.0
1672,676,13,5,110.8,0.0
1673,676,2,5,67.47,0.0
1674,676,16,2,152.75,0.05
1675,676,19,5,139.22,0.0
1676,677,11,4,219.22,0.0
1677,677,19,2,139.22,0.0
1678,677,9,4,125.78,0.0
1679,678,6,1,212.56,0.0
1680,678,17,1,175.72,0.0
1681,678,8,3,290.69,0.0
1682,679,4,1,235.29,0.0
1683,679,9,3,125.78,0.0
1684,680,14,2,170.44,0.0
1685,680,20,3,427.4,0.15
1686,680,1,4,352.32,0.0
1687,681,8,3,290.69,0.05
1688,681,1,1,352.32,0.0
1689,682,20,5,427.4,0.0
1690,683,11,4,219.22,0.0
1691,683,17,1,175.72,0.0
1692,683,10,5,69.78,0.0
1693,684,17,3,175.72,0.0
1694,685,16,4,152.75,0.0
1695,686,17,1,175.72,0.0
1696,686,12,4,192.27,0.0
1697,687,18,3,311.1,0.0
1698,687,3,2,244.94,0.0
1699,687,11,4,219.22,0.0
1700,688,14,1,170.44,0.0
1701,688,6,5,212.56,0.0
1702,688,16,2,152.75,0.0
1703,688,5,3,387.05,0.05
1704,689,1,2,352.32,0.0
1705,689,16,3,152.75,0.0
1706,689,5,2,387.05,0.0
1707,689,11,1,219.22,0.0
1708,690,13,4,110.8,0.05
1709,691,14,4,170.44,0.0
1710,692,16,2,152.75,0.0
1711,692,18,3,311.1,0.0
1712,692,7,4,178.21,0.0
1713,693,11,3,219.22,0.0
1714,693,6,3,212.56,0.0
1715,693,9,1,125.78,0.0
1716,693,5,1,387.05,0.0
1717,694,20,5,427.4,0.0
1718,694,3,4,244.94,0.0
1719,694,1,1,352.32,0.0
1720,694,2,2,67.47,0.0
1721,695,20,4,427.4,0.15
1722,695,8,3,290.69,0.15
1723,696,16,5,152.75,0.0
1724,696,4,1,235.29,0.0
1725,696,13,1,110.8,0.05
1726,697,12,2,192.27,0.0
1727,697,7,3,178.21,0.15
1728,697,13,2,110.8,0.0
1729,698,2,3,67.47,0.0
1730,698,10,5,69.78,0.0
1731,698,14,4,170.44,0.05
1732,699,2,3,67.47,0.0
1733,699,17,3,175.72,0.0
1734,699,8,3,290.69,0.0
1735,700,10,4,69.78,0.05
1736,701,15,4,169.95,0.0
1737,701,7,5,178.21,0.0
1738,701,2,1,67.47,0.0
1739,702,2,3,67.47,0.1
1740,702,4,4,235.29,0.15
1741,702,19,3,139.22,0.0
1742,703,17,1,175.72,0.0
1743,703,16,3,152.75,0.0
1744,703,3,5,244.94,0.0
1745,703,11,1,219.22,0.0
1746,704,6,5,212.56,0.05
1747,704,1,3,352.32,0.0
1748,705,13,1,110.8,0.0
1749,705,16,5,152.75,0.0
1750,705,9,5,125.78,0.0
1751,705,4,5,235.29,0.0
1752,706,6,3,212.56,0.0
1753,706,7,1,178.21,0.05
1754,707,5,1,387.05,0.0
1755,707,6,4,212.56,0.05
1756,707,14,3,170.44,0.05
1757,708,17,5,175.72,0.0
1758,708,9,3,125.78,0.05
1759,708,12,2,192.27,0.0
1760,709,1,1,352.32,0.1
1761,709,6,1,212.56,0.0
1762,710,1,1,352.32,0.05
1763,711,11,4,219.22,0.0
1764,712,2,1,67.47,0.0
1765,712,16,1,152.75,0.0
1766,712,3,3,244.94,0.0
1767,713,10,5,69.78,0.0
1768,713,20,2,427.4,0.0
1769,713,15,1,169.95,0.0
1770,714,3,4,244.94,0.15
1771,715,2,1,67.47,0.0
1772,715,9,4,125.78,0.0
1773,715,7,4,178.21,0.05
1774,716,6,5,212.56,0.0
1775,717,5,5,387.05,0.0
1776,717,19,4,139.22,0.0
1777,717,1,3,352.32,0.15
1778,717,17,2,175.72,0.0
1779,718,16,3,152.75,0.0
1780,719,18,1,311.1,0.0
1781,719,11,3,219.22,0.0
1782,720,4,1,235.29,0.0
1783,720,7,3,178.21,0.0
1784,721,19,3,139.22,0.0
1785,722,6,2,212.56,0.0
1786,723,20,2,427.4,0.15
1787,723,19,4,139.22,0.0
1788,723,6,1,212.56,0.0
1789,724,15,3,169.95,0.0
1790,724,4,4,235.29,0.0
1791,724,20,2,427.4,0.0
1792,725,17,4,175.72,0.0
1793,725,13,5,110.8,0.0
1794,725,16,2,152.75,0.0
1795,725,15,3,169.95,0.0
1796,726,1,5,352.32,0.0
1797,726,6,1,212.56,0.0
1798,727,4,4,235.29,0.0
1799,727,11,4,219.22,0.0
1800,727,6,3,212.56,0.0
1801,728,9,4,125.78,0.0
1802,728,18,3,311.1,0.15
1803,728,8,3,290.69,0.0
1804,729,20,1,427.4,0.0
1805,729,18,2,311.1,0.0
1806,729,8,5,290.69,0.0
1807,730,15,1,169.95,0.0
1808,731,16,5,152.75,0.0
1809,731,13,5,110.8,0.0
1810,731,12,1,192.27,0.0
1811,732,9,3,125.78,0.0
1812,733,19,3,139.22,0.0
1813,733,20,3,427.4,0.0
1814,733,9,1,125.78,0.0
1815,733,17,2,175.72,0.0
1816,734,1,5,352.32,0.0
1817,734,18,3,311.1,0.0
1818,735,19,1,139.22,0.0
1819,735,20,2,427.4,0.0
1820,735,12,4,192.27,0.0
1821,736,19,2,139.22,0.0
1822,736,9,3,125.78,0.0
1823,737,17,2,175.72,0.0
1824,737,10,3,69.78,0.1
1825,737,3,5,244.94,0.05
1826,738,5,2,387.05,0.0
1827,738,16,4,152.75,0.0
1828,739,17,3,175.72,0.0
1829,739,2,1,67.47,0.0
1830,740,4,4,235.29,0.0
1831,741,2,2,67.47,0.0
1832,741,19,4,139.22,0.05
1833,741,5,1,387.05,0.0
1834,742,7,2,178.21,0.1
1835,743,19,5,139.22,0.0
1836,743,17,3,175.72,0.05
1837,743,14,3,170.44,0.0
1838,744,10,4,69.78,0.0
1839,745,4,1,235.29,0.0
1840,745,16,5,152.75,0.0
1841,746,2,1,67.47,0.0
1842,746,8,1,290.69,0.0
1843,746,13,4,110.8,0.0
1844,746,5,4,387.05,0.0
1845,747,14,4,170.44,0.0
1846,747,15,2,169.95,0.05
1847,748,12,4,192.27,0.15
1848,749,5,4,387.05,0.1
1849,749,7,5,178.21,0.15
1850,749,8,5,290.69,0.0
1851,750,16,2,152.75,0.0
1852,751,9,3,125.78,0.0
1853,751,6,4,212.56,0.0
1854,751,13,1,110.8,0.0
1855,751,20,1,427.4,0.05
1856,752,2,1,67.47,0.05
1857,752,7,1,178.21,0.0
1858,752,1,5,352.32,0.0
1859,753,11,1,219.22,0.0
1860,754,16,2,152.75,0.0
1861,754,13,4,110.8,0.0
1862,754,10,5,69.78,0.0
1863,755,4,4,235.29,0.0
1864,755,17,3,175.72,0.0
1865,756,9,2,125.78,0.0
1866,756,2,3,67.47,0.0
1867,757,9,3,125.78,0.05
1868,757,7,4,178.21,0.1
1869,757,12,1,192.27,0.0
1870,757,5,5,387.05,0.0
1871,758,9,4,125.78,0.0
1872,758,11,4,219.22,0.1
1873,758,18,1,311.1,0.0
1874,758,19,4,139.22,0.0
1875,759,19,5,139.22,0.0
1876,759,7,3,178.21,0.0
1877,759,9,5,125.78,0.0
1878,759,20,3,427.4,0.05
1879,760,5,1,387.05,0.05
1880,760,9,4,125.78,0.0
1881,760,12,2,192.27,0.0
1882,760,7,5,178.21,0.0
1883,761,4,2,235.29,0.0
1884,761,7,2,178.21,0.0
1885,761,6,1,212.56,0.0
1886,762,4,2,235.29,0.0
1887,762,14,5,170.44,0.0
1888,762,12,5,192.27,0.0
1889,762,8,3,290.69,0.0
1890,763,8,4,290.69,0.0
1891,763,4,3,235.29,0.0
1892,763,3,1,244.94,0.05
1893,764,4,1,235.29,0.0
1894,764,6,1,212.56,0.15
1895,764,20,1,427.4,0.0
1896,764,3,2,244.94,0.0
1897,765,1,3,352.32,0.1
1898,765,8,3,290.69,0.0
1899,766,9,4,125.78,0.0
1900,766,2,4,67.47,0.0
1901,766,7,4,178.21,0.0
1902,766,3,4,244.94,0.0
1903,767,5,5,387.05,0.0
1904,767,3,1,244.94,0.0
1905,767,1,2,352.32,0.1
1906,767,6,1,212.56,0.0
1907,768,3,5,244.94,0.0
1908,768,7,5,178.21,0.0
1909,768,11,4,219.22,0.05
1910,769,15,4,169.95,0.0
1911,769,17,1,175.72,0.0
1912,769,5,4,387.05,0.0
1913,769,14,1,170.44,0.0
1914,770,6,4,212.56,0.0
1915,770,9,4,125.78,0.0
1916,771,11,4,219.22,0.0
1917,771,16,1,152.75,0.0
1918,772,1,5,352.32,0.0
1919,772,13,5,110.8,0.15
1920,772,6,4,212.56,0.05
1921,773,7,3,178.21,0.0
1922,773,2,1,67.47,0.0
1923,773,12,2,192.27,0.0
1924,773,16,3,152.75,0.0
1925,774,14,4,170.44,0.15
1926,774,2,4,67.47,0.05
1927,774,10,5,69.78,0.0
1928,775,1,5,352.32,0.0
1929,775,9,4,125.78,0.05
1930,776,4,1,235.29,0.0
1931,776,11,2,219.22,0.0
1932,776,7,3,178.21,0.0
1933,777,7,3,178.21,0.0
1934,777,2,5,67.47,0.0
1935,777,17,5,175.72,0.0
1936,778,11,1,219.22,0.0
1937,778,12,2,192.27,0.0
1938,778,17,4,175.72,0.0
1939,778,20,4,427.4,0.0
1940,779,5,5,387.05,0.0
1941,779,7,2,178.21,0.0
1942,779,14,1,170.44,0.0
1943,780,20,1,427.4,0.0
1944,781,11,1,219.22,0.0
1945,781,1,3,352.32,0.0
1946,782,1,1,352.32,0.0
1947,782,9,1,125.78,0.0
1948,782,14,3,170.44,0.05
1949,782,10,1,69.78,0.1
1950,783,15,3,169.95,0.0
1951,784,17,5,175.72,0.0
1952,785,1,4,352.32,0.0
1953,786,8,1,290.69,0.0
1954,786,17,5,175.72,0.0
1955,787,8,3,290.69,0.0
1956,788,13,2,110.8,0.0
1957,788,5,3,387.05,0.0
1958,788,16,5,152.75,0.0
1959,788,10,4,69.78,0.0
1960,789,19,4,139.22,0.0
1961,789,12,5,192.27,0.0
1962,789,16,4,152.75,0.0
1963,790,13,1,110.8,0.0
1964,791,20,5,427.4,0.05
1965,791,8,5,290.69,0.0
1966,792,5,2,387.05,0.0
1967,792,7,1,178.21,0.05
1968,792,4,5,235.29,0.0
1969,793,14,2,170.44,0.15
1970,793,5,5,387.05,0.0
1971,793,15,4,169.95,0.0
1972,794,9,1,125.78,0.0
1973,795,17,2,175.72,0.0
1974,795,1,1,352.32,0.0
1975,795,3,4,244.94,0.0
1976,796,1,2,352.32,0.0
1977,796,10,1,69.78,0.15
1978,796,6,1,212.56,0.0
1979,796,2,2,67.47,0.05
1980,797,5,2,387.05,0.05
1981,797,18,2,311.1,0.0
1982,798,1,1,352.32,0.1
1983,798,9,5,125.78,0.0
1984,799,7,4,178.21,0.0
1985,799,4,4,235.29,0.0
1986,799,8,5,290.69,0.0
1987,800,10,5,69.78,0.0
1988,800,5,4,387.05,0.0
1989,801,17,4,175.72,0.0
1990,801,1,2,352.32,0.0
1991,801,14,1,170.44,0.0
1992,802,19,5,139.22,0.0
1993,803,12,3,192.27,0.0
1994,803,20,3,427.4,0.0
1995,803,19,1,139.22,0.15
1996,804,6,2,212.56,0.05
1997,804,10,2,69.78,0.05
1998,804,15,1,169.95,0.0
1999,805,16,1,152.75,0.05
2000,805,13,1,110.8,0.0
2001,805,17,2,175.72,0.0
2002,806,10,4,69.78,0.0
2003,806,9,2,125.78,0.05
2004,807,1,3,352.32,0.0
2005,807,13,1,110.8,0.0
2006,808,11,5,219.22,0.05
2007,808,1,2,352.32,0.0
2008,808,5,3,387.05,0.0
2009,808,15,4,169.95,0.05
2010,809,18,5,311.1,0.0
2011,810,6,4,212.56,0.0
2012,811,10,3,69.78,0.0
2013,811,15,2,169.95,0.15
2014,812,2,3,67.47,0.0
2015,812,7,3,178.21,0.0
2016,812,3,3,244.94,0.0
2017,813,4,4,235.29,0.0
2018,814,2,4,67.47,0.05
2019,814,13,3,110.8,0.0
2020,814,1,4,352.32,0.0
2021,814,12,1,192.27,0.0
2022,815,3,3,244.94,0.0
2023,815,2,2,67.47,0.0
2024,816,3,4,244.94,0.0
2025,817,15,2,169.95,0.0
2026,817,11,4,219.22,0.15
2027,817,20,1,427.4,0.0
2028,818,5,4,387.05,0.0
2029,819,3,2,244.94,0.0
2030,819,12,1,192.27,0.0
2031,820,2,1,67.47,0.0
2032,820,8,3,290.69,0.0
2033,821,1,3,352.32,0.0
2034,822,19,3,139.22,0.0
2035,822,12,2,192.27,0.05
2036,823,8,3,290.69,0.1
2037,823,18,5,311.1,0.0
2038,823,5,4,387.05,0.0
2039,823,20,1,427.4,0.0
2040,824,6,3,212.56,0.0
2041,824,8,5,290.69,0.0
2042,824,15,5,169.95,0.0
2043,824,9,5,125.78,0.0
2044,825,4,4,235.29,0.0
2045,825,8,1,290.69,0.0
2046,826,6,4,212.56,0.0
2047,826,2,1,67.47,0.0
2048,827,16,5,152.75,0.0
2049,827,14,4,170.44,0.0
2050,828,12,4,192.27,0.0
2051,828,13,3,110.8,0.0
2052,829,19,4,139.22,0.0
2053,829,2,5,67.47,0.05
2054,829,4,2,235.29,0.0
2055,829,11,4,219.22,0.15
2056,830,13,1,110.8,0.0
2057,830,9,1,125.78,0.0
2058,830,18,2,311.1,0.0
2059,831,4,3,235.29,0.0
2060,831,16,1,152.75,0.15
2061,832,13,2,110.8,0.0
2062,832,20,3,427.4,0.0
2063,833,15,4,169.95,0.0
2064,833,11,5,219.22,0.0
2065,834,9,2,125.78,0.0
2066,834,3,3,244.94,0.0
2067,834,12,2,192.27,0.15
2068,834,11,4,219.22,0.05
2069,835,20,1,427.4,0.0
2070,835,10,2,69.78,0.0
2071,835,13,4,110.8,0.0
2072,836,12,2,192.27,0.15
2073,837,17,3,175.72,0.0
2074,837,19,4,139.22,0.0
2075,838,7,4,178.21,0.0
2076,839,12,2,192.27,0.0
2077,840,5,2,387.05,0.0
2078,840,17,1,175.72,0.0
2079,841,7,4,178.21,0.0
2080,841,6,1,212.56,0.0
2081,842,8,1,290.69,0.0
2082,842,12,2,192.27,0.0
2083,842,13,5,110.8,0.0
2084,843,15,4,169.95,0.0
2085,844,13,4,110.8,0.15
2086,844,10,5,69.78,0.0
2087,844,2,4,67.47,0.0
2088,844,16,2,152.75,0.0
2089,845,10,5,69.78,0.0
2090,845,12,1,192.27,0.0
2091,846,3,5,244.94,0.0
2092,847,15,3,169.95,0.0
2093,847,10,5,69.78,0.0
2094,847,19,2,139.22,0.05
2095,847,11,2,219.22,0.05
2096,848,14,4,170.44,0.0
2097,848,15,3,169.95,0.0
2098,848,19,4,139.22,0.0
2099,849,17,4,175.72,0.0
2100,849,1,3,352.32,0.0
2101,849,16,3,152.75,0.0
2102,849,7,3,178.21,0.0
2103,850,4,2,235.29,0.1
2104,851,7,5,178.21,0.0
2105,851,3,3,244.94,0.0
2106,852,20,4,427.4,0.1
2107,852,5,5,387.05,0.0
2108,852,14,3,170.44,0.0
2109,853,19,3,139.22,0.0
2110,853,14,3,170.44,0.0
2111,854,14,5,170.44,0.0
2112,854,16,5,152.75,0.15
2113,854,20,2,427.4,0.0
2114,854,19,1,139.22,0.0
2115,855,10,2,69.78,0.0
2116,856,8,5,290.69,0.0
2117,856,3,2,244.94,0.0
2118,857,9,2,125.78,0.0
2119,858,18,5,311.1,0.0
2120,858,11,3,219.22,0.0
2121,858,5,4,387.05,0.15
2122,858,10,2,69.78,0.0
2123,859,18,1,311.1,0.15
2124,859,13,4,110.8,0.15
2125,859,16,3,152.75,0.0
2126,859,1,2,352.32,0.0
2127,860,4,3,235.29,0.0
2128,860,12,1,192.27,0.0
2129,860,17,4,175.72,0.0
2130,860,11,5,219.22,0.0
2131,861,17,5,175.72,0.0
2132,862,19,4,139.22,0.1
2133,862,17,3,175.72,0.0
2134,862,11,3,219.22,0.05
2135,863,16,2,152.75,0.0
2136,863,17,1,175.72,0.0
2137,863,9,5,125.78,0.0
2138,864,7,2,178.21,0.0
2139,864,13,3,110.8,0.0
2140,864,15,1,169.95,0.15
2141,864,5,3,387.05,0.0
2142,865,12,3,192.27,0.0
2143,865,3,4,244.94,0.05
2144,865,9,4,125.78,0.0
2145,865,16,4,152.75,0.0
2146,866,10,1,69.78,0.0
2147,867,12,2,192.27,0.1
2148,867,4,5,235.29,0.0
2149,867,3,1,244.94,0.0
2150,868,10,2,69.78,0.15
2151,869,17,3,175.72,0.15
2152,869,8,2,290.69,0.0
2153,869,7,3,178.21,0.0
2154,869,3,2,244.94,0.0
2155,870,8,2,290.69,0.0
2156,871,6,1,212.56,0.0
2157,871,9,1,125.78,0.0
2158,871,17,1,175.72,0.05
2159,871,11,5,219.22,0.1
2160,872,9,4,125.78,0.0
2161,872,7,4,178.21,0.0
2162,872,1,2,352.32,0.0
2163,873,17,3,175.72,0.0
2164,873,9,5,125.78,0.15
2165,874,5,5,387.05,0.0
2166,874,14,4,170.44,0.0
2167,874,16,2,152.75,0.0
2168,874,8,2,290.69,0.0
2169,875,10,3,69.78,0.0
2170,875,15,5,169.95,0.0
2171,876,6,4,212.56,0.0
2172,877,2,1,67.47,0.0
2173,877,5,5,387.05,0.0
2174,878,17,2,175.72,0.0
2175,878,2,5,67.47,0.0
2176,879,9,5,125.78,0.0
2177,879,7,4,178.21,0.0
2178,879,3,4,244.94,0.05
2179,880,17,5,175.72,0.0
2180,880,8,2,290.69,0.0
2181,880,12,4,192.27,0.15
2182,881,12,5,192.27,0.0
2183,882,17,3,175.72,0.0
2184,882,20,2,427.4,0.0
2185,882,7,5,178.21,0.0
2186,882,16,1,152.75,0.0
2187,883,12,3,192.27,0.0
2188,883,13,2,110.8,0.0
2189,884,15,3,169.95,0.05
2190,884,7,1,178.21,0.0
2191,884,8,1,290.69,0.0
2192,885,15,4,169.95,0.0
2193,885,7,1,178.21,0.15
2194,886,11,4,219.22,0.05
2195,886,16,5,152.75,0.0
2196,886,19,5,139.22,0.0
2197,887,10,1,69.78,0.0
2198,887,4,5,235.29,0.0
2199,887,7,4,178.21,0.0
2200,887,9,1,125.78,0.0
2201,888,11,2,219.22,0.0
2202,889,17,1,175.72,0.0
2203,889,4,5,235.29,0.1
2204,889,13,5,110.8,0.0
2205,890,17,2,175.72,0.0
2206,890,5,4,387.05,0.0
2207,891,9,5,125.78,0.0
2208,892,6,4,212.56,0.0
2209,892,4,3,235.29,0.0
2210,893,10,4,69.78,0.15
2211,893,2,4,67.47,0.05
2212,894,6,4,212.56,0.0
2213,895,8,2,290.69,0.0
2214,896,11,4,219.22,0.0
2215,896,20,4,427.4,0.0
2216,897,17,3,175.72,0.0
2217,897,8,5,290.69,0.0
2218,897,4,4,235.29,0.05
2219,898,17,1,175.72,0.0
2220,898,2,1,67.47,0.0
2221,898,18,1,311.1,0.0
2222,898,14,3,170.44,0.0
2223,899,14,5,170.44,0.15
2224,899,1,1,352.32,0.0
2225,899,2,1,67.47,0.0
2226,900,13,2,110.8,0.0
